<?xml version="1.0" encoding="UTF-8"?>
<metadata xml:lang="nl"><Esri><CreaDate>20140917</CreaDate><CreaTime>17035400</CreaTime><ArcGISFormat>1.0</ArcGISFormat><SyncOnce>TRUE</SyncOnce><DataProperties><lineage><Process ToolSource="C:\Program Files\ArcGIS\Desktop10.0\ArcToolbox\Toolboxes\Data Management Tools.tbx\CalculateField" Date="20110902" Time="102157">CalculateField AFR_continent NL_PCntry 1 VB #</Process><Process ToolSource="c:\program files (x86)\arcgis\desktop10.0\ArcToolbox\Toolboxes\Data Management Tools.tbx\DeleteField" Date="20120115" Time="144235">DeleteField AFSP33Qry_AfSIScountries AREA;PERIMETER;CNT1M_1_;CNT1M_1_ID;FAO_CODE;UN_CODE;CNTRY_NAME;ISO3_CODE;km;NL_PCntry</Process></lineage></DataProperties><ArcGISstyle>ISO 19139 Metadata Implementation Specification</ArcGISstyle></Esri></metadata>
