<?xml version="1.0" encoding="UTF-8"?>
<metadata xml:lang="nl"><Esri><CreaDate>20141101</CreaDate><CreaTime>16193500</CreaTime><ArcGISFormat>1.0</ArcGISFormat><ArcGISstyle>ISO 19139 Metadata Implementation Specification</ArcGISstyle><SyncOnce>TRUE</SyncOnce><DataProperties><lineage><Process ToolSource="c:\program files (x86)\arcgis\desktop10.0\ArcToolbox\Toolboxes\Data Management Tools.tbx\DeleteField" Date="20141101" Time="161935">DeleteField AfSP012Qry_GeoPoints DbVersion</Process><Process ToolSource="c:\program files (x86)\arcgis\desktop10.0\ArcToolbox\Toolboxes\Data Management Tools.tbx\DeleteField" Date="20141101" Time="162731">DeleteField AfSP012Qry_GeoPoints Revision;LabIncl;SrcDb1ID;SrcDb2ID;Isis;Ncss;Wasp;Soters;Wise3;Afprof;FaoSdb;SoterExt;Lrep;Stipa;Valsol;Pedi;Minagri;PrUrl;SrcRep1ID;SrcRep2ID;PridInRep1;PridInRep2;PageInRep;MapID;MapScale;MapUnitID;PntOrMapU;Syn;FldMnl_ID;LabMnl_ID;MethdKey;UnitKey;AttrKey;Reliab;Country;X_LonDD;Y_LatDD;XYAccur;T_Year;ObsDpth;RootDpth;RtblDpth;RockDpth;Observer;WRB06;WRB06rg;FAO88;FAO74;USDA;CPCS;LocalCls;Location;Z_Alti;Slope;Topogrphy;LndForm;LndElem;SlpForm;SlpPosit;FrqFlood;ParMat;Litholo;Regolith;LndCov;LndUse;Drain;SrfDrain;SrfStone;SrfSalt</Process></lineage></DataProperties></Esri></metadata>
