<?xml version="1.0" encoding="UTF-8"?>
<metadata xml:lang="nl"><Esri><CreaDate>20130315</CreaDate><CreaTime>12374800</CreaTime><ArcGISFormat>1.0</ArcGISFormat><SyncOnce>TRUE</SyncOnce><DataProperties><lineage><Process ToolSource="c:\program files (x86)\arcgis\desktop10.0\ArcToolbox\Toolboxes\Data Management Tools.tbx\DeleteField" Date="20130315" Time="123748">DeleteField AfSP011QryExcl_GeoPoints DbVersion;Revision;GsmOk;AfsisOk;GeoIncl;GeoAvail;LyrIncl;FldIncl;FldAvail;LabIncl;LabAvail;SrcDb1ID;SrcDb2ID;Isis;Ncss;Wasp;Soters;Wise3;Afprof;FaoSdb;SoterExt;Lrep;Stipa;Valsol;Pedi;Minagri;PrUrl;SrcRep1ID;SrcRep2ID;PridInRep1;PridInRep2;PageInRep;MapID;MapScale;MapUnitID;PntOrMapU;Syn;FldMnl_ID;LabMnl_ID;MethdKey;UnitKey;AttrKey;Reliab;Country;PilotCntry;X_LonDD;Y_LatDD;XYAccur;T_Year;ObsDpth;RootDpth;RtblDpth;RockDpth;Observer;WRB06;WRB06rg;FAO88;FAO88pha;FAO74;FAO74pha;USDA;CPCS;LocalCls;Location;Z_Alti;Slope;Topogrphy;LndForm;LndElem;SlpForm;SlpPosit;FrqFlood;ParMat;Litholo;Regolith;LndCov;LndUse;Drain;SrfDrain;SrfStone;SrfSalt;SrfSeal;SrfCrck</Process></lineage></DataProperties></Esri></metadata>
