Longitude_Latitude,ProfileID
"(-16.50698122059441, 14.589540770954374)",IRD_1
"(-16.506997857480123, 14.589766642649971)",IRD_2
"(-16.50481317850653, 14.590471649283188)",IRD_3
"(-16.50465204783986, 14.589833517308367)",IRD_4
"(-16.504732830503073, 14.589508422152495)",IRD_5
"(-16.50382135663012, 14.59011156050252)",IRD_6
"(-16.502642573874223, 14.588947121972398)",IRD_7
"(-16.50278669857985, 14.590483651977955)",IRD_8
"(-16.503125662277043, 14.590647874739055)",IRD_9
"(-16.505389786070417, 14.589115482988158)",IRD_10
"(-16.500986805745914, 14.579464652335734)",IRD_11
"(-16.507865037377435, 14.585908536552227)",IRD_12
"(-16.529097866651092, 14.61164894524053)",IRD_13
"(-16.528639407399186, 14.611988669980342)",IRD_14
"(-16.527174887351578, 14.61281252739986)",IRD_15
"(-16.52889227567515, 14.613293882214867)",IRD_16
"(-16.529205831599658, 14.613772549343047)",IRD_17
"(-16.533504268903478, 14.617481587720153)",IRD_18
"(-16.533731438640686, 14.617996735183388)",IRD_19
"(-16.53130759909641, 14.617060969202456)",IRD_20
"(-16.531457943888814, 14.61736986401856)",IRD_21
"(-16.531867292457797, 14.615426486139008)",IRD_22
"(-16.53038087257941, 14.611128838739246)",IRD_23
"(-16.535109124511937, 14.617341400693892)",IRD_24
"(-16.534197663673, 14.618212638092887)",IRD_25
"(-16.534067437084353, 14.616938299963435)",IRD_26
"(-16.532949855948942, 14.616607153150692)",IRD_27
"(-16.531205318580152, 14.615666600182253)",IRD_28
"(-16.530484678405994, 14.614508910732507)",IRD_29
"(-16.52356946850488, 14.618729387094815)",IRD_30
"(-16.52355340641703, 14.618956870107503)",IRD_31
"(-16.523713420236838, 14.614641697202217)",IRD_32
"(-16.523666313258786, 14.61425398176645)",IRD_33
"(-16.534593532447417, 14.617742271485774)",IRD_34
"(-16.534269271315704, 14.617552587142276)",IRD_35
"(-16.508668295334893, 14.595417376271431)",IRD_36
"(-16.507910650139856, 14.594507672446289)",IRD_37
"(-16.50770134770764, 14.596155323241252)",IRD_38
"(-16.519736198401024, 14.582676951718355)",IRD_39
"(-16.524270693066764, 14.586245966774975)",IRD_40
"(-16.520648589506642, 14.58384697460748)",IRD_41
"(-16.51880615422117, 14.583442952247877)",IRD_42
"(-16.51867337268744, 14.584251844729378)",IRD_43
"(-16.506811933793085, 14.588985705915023)",IRD_44
"(-16.506575259176905, 14.589784419215109)",IRD_45
"(-16.50665655669816, 14.590303905989726)",IRD_46
"(-16.50642188005356, 14.59088367750733)",IRD_47
"(-16.505954253190755, 14.588731400100357)",IRD_48
"(-16.50742054444979, 14.588976616826045)",IRD_49
"(-16.507849431936396, 14.59552674900747)",IRD_50
"(-16.50835698856175, 14.591931082813172)",IRD_51
"(-16.5050040023925, 14.586429411894523)",IRD_52
"(-16.505923264365617, 14.590139719227578)",IRD_53
"(-16.50585422351707, 14.589152810598994)",IRD_54
"(-16.506226723137626, 14.588489436590807)",IRD_55
"(-16.5090413717264, 14.589663138805063)",IRD_56
"(-16.50920073682965, 14.587090047753545)",IRD_57
"(-16.5076503135905, 14.58612103293121)",IRD_58
"(-16.509515820855682, 14.590788086264997)",IRD_59
"(-16.50876584265981, 14.590815765621437)",IRD_60
"(-16.51010615615733, 14.58301417123942)",IRD_61
"(-16.50845032427745, 14.584899037242378)",IRD_62
"(-16.51360033024824, 14.600778990539622)",IRD_63
"(-16.514166016398264, 14.600640959267126)",IRD_64
"(-16.51484915107633, 14.601286484954773)",IRD_65
"(-16.51443042590089, 14.601424594631045)",IRD_66
"(-16.5145247643102, 14.60099436077934)",IRD_67
"(-16.514849080352803, 14.600811914144103)",IRD_68
"(-16.527944132621347, 14.612301473909982)",IRD_69
"(-16.527921086066744, 14.612017972192087)",IRD_70
"(-16.530243371282243, 14.613251349783654)",IRD_71
"(-16.529761427443592, 14.61277701578637)",IRD_72
"(-16.52855935165233, 14.621651757316823)",IRD_73
"(-16.528100403065036, 14.622299850179973)",IRD_74
"(-16.524785882685595, 14.60441577834703)",IRD_75
"(-16.525020410371297, 14.604616532019563)",IRD_76
"(-16.544895664741855, 14.595734762206234)",IRD_77
"(-16.54527625599514, 14.596626708209953)",IRD_78
"(-16.547596082376586, 14.60527433489393)",IRD_79
"(-16.55258930992598, 14.603733043759627)",IRD_80
"(-16.539203291257873, 14.592296535182493)",IRD_81
"(-16.54076012864552, 14.608983009932455)",IRD_82
"(-16.53899855000152, 14.609303076374397)",IRD_83
"(-16.53886573083837, 14.609843326343947)",IRD_84
"(-16.53586360440512, 14.607197302309759)",IRD_85
"(-16.533591510162633, 14.59986899173713)",IRD_86
"(-16.528982507036684, 14.606366966489462)",IRD_87
"(-16.529218518706152, 14.606967225537451)",IRD_88
"(-16.530018300984683, 14.606468566986505)",IRD_89
"(-16.52877811588068, 14.604280282833892)",IRD_90
"(-16.528103289350337, 14.604916519053356)",IRD_91
"(-16.528390907040965, 14.603456338124914)",IRD_92
"(-16.528022218997165, 14.60608101026782)",IRD_93
"(-16.529016668126097, 14.605385030368913)",IRD_94
"(-16.529871290363637, 14.605051005832793)",IRD_95
"(-16.530828106625357, 14.60598503427687)",IRD_96
"(-16.530882258231404, 14.62002830941083)",IRD_97
"(-16.533391250675987, 14.609713733651432)",IRD_98
"(-16.531801492146275, 14.60679028332178)",IRD_99
"(-16.50721171629825, 14.587793809509787)",IRD_100
"(-16.495893653871335, 14.582815927345129)",IRD_101
"(-16.49600177176808, 14.583201229868003)",IRD_102
"(-16.4958892220516, 14.582263266416335)",IRD_103
"(-16.49529428400239, 14.582514179181885)",IRD_104
"(-16.49553218914858, 14.58455548997138)",IRD_105
"(-16.496264526186277, 14.58412629974805)",IRD_106
"(-16.495951929512163, 14.584760858320069)",IRD_107
"(-16.496846465415906, 14.583842059989413)",IRD_108
"(-16.496892922450815, 14.58423535865881)",IRD_109
"(-16.49797064928365, 14.583795516627799)",IRD_110
"(-16.497397190036068, 14.584157999123871)",IRD_111
"(-16.495480163032482, 14.58415465193316)",IRD_112
"(-16.49777141291669, 14.578512579462252)",IRD_113
"(-16.497695602127322, 14.579052856018686)",IRD_114
"(-16.500834207653263, 14.584270881961361)",IRD_115
"(-16.500227963266088, 14.583439028092176)",IRD_116
"(-16.50052974320425, 14.583690430103287)",IRD_117
"(-16.50314482009336, 14.582272193456435)",IRD_118
"(-16.503220215562866, 14.582740823085791)",IRD_119
"(-16.503053751322604, 14.583465108251481)",IRD_120
"(-16.502518018459742, 14.583233247060697)",IRD_121
"(-16.503395913519274, 14.583163486514902)",IRD_122
"(-16.503078031476974, 14.585612945999362)",IRD_123
"(-16.502047412453845, 14.585803760120795)",IRD_124
"(-16.502785388632358, 14.585315101804904)",IRD_125
"(-16.50207447387801, 14.586340464969563)",IRD_126
"(-16.501778760420695, 14.587131428649338)",IRD_127
"(-16.499838232741567, 14.584111506946392)",IRD_128
"(-16.499347116558507, 14.584738303082762)",IRD_129
"(-16.50207136915208, 14.583408182492466)",IRD_130
"(-16.506614189591783, 14.584956172207917)",IRD_131
"(-16.496643984883455, 14.580469979430623)",IRD_132
"(-16.533318264022544, 14.620881338023382)",IRD_133
"(-16.532572664087212, 14.620561871061595)",IRD_134
"(-16.53170299012649, 14.618201160212449)",IRD_135
"(-16.53125040557314, 14.618067749001233)",IRD_136
"(-16.535998331668743, 14.617148677562875)",IRD_137
"(-16.535877870036686, 14.617466096060989)",IRD_138
"(-16.530258712106967, 14.619246625459029)",IRD_139
"(-16.530926215714647, 14.619275658072297)",IRD_140
"(-16.530360796570466, 14.619663588047244)",IRD_141
"(-16.53212023389105, 14.618837218256168)",IRD_142
"(-16.531459980008307, 14.618984260201119)",IRD_143
"(-16.53180721538234, 14.619292430262854)",IRD_144
"(-16.531214217537972, 14.612332113110236)",IRD_145
"(-16.531005390191748, 14.611639737244575)",IRD_146
"(-16.52991673392028, 14.617012226976712)",IRD_147
"(-16.529891710060067, 14.615701653504491)",IRD_148
"(-16.533302231162065, 14.61932682629868)",IRD_149
"(-16.533751262475402, 14.620218068587144)",IRD_150
"(-16.532613090374365, 14.619666838683507)",IRD_151
"(-16.532730287719524, 14.619169708609308)",IRD_152
"(-16.53172671860603, 14.620229674721696)",IRD_153
"(-16.530408754397456, 14.616120366963639)",IRD_154
"(-16.523100061349588, 14.611873645552096)",IRD_155
"(-16.52273156701389, 14.61212964270138)",IRD_156
"(-16.522662049432764, 14.611321591504922)",IRD_157
"(-16.522341170667566, 14.612326922132338)",IRD_158
"(-16.519671344928646, 14.610392150412506)",IRD_159
"(-16.519803583198122, 14.610719955283933)",IRD_160
"(-16.51886184609749, 14.610722999552715)",IRD_161
"(-16.524415449415567, 14.613877837526543)",IRD_162
"(-16.51784463292989, 14.612088814871159)",IRD_163
"(-16.524564839051084, 14.605448704252805)",IRD_164
"(-16.524915193908996, 14.605426330234414)",IRD_165
"(-16.52455352975566, 14.604991843478023)",IRD_166
"(-16.52419820425551, 14.605788569961385)",IRD_167
"(-16.52482269570006, 14.606223544727618)",IRD_168
"(-16.52661912744993, 14.613828430175056)",IRD_169
"(-16.5258926622068, 14.61415451196119)",IRD_170
"(-16.525383357418605, 14.614198094029023)",IRD_171
"(-16.52615477609566, 14.613722879013931)",IRD_172
"(-16.527510030014653, 14.59211764599383)",IRD_173
"(-16.528190345829678, 14.592016289842594)",IRD_174
"(-16.528540514517776, 14.591517572965047)",IRD_175
"(-16.52746046213614, 14.590967449128048)",IRD_176
"(-16.52708424936088, 14.591320874672792)",IRD_177
"(-16.528324605034502, 14.590843531750101)",IRD_178
"(-16.515474979225814, 14.595135953333259)",IRD_179
"(-16.514275983645433, 14.594960518544772)",IRD_180
"(-16.514009088822004, 14.595312954078345)",IRD_181
"(-16.514772148213037, 14.594090987600374)",IRD_182
"(-16.514502729222396, 14.594436172766317)",IRD_183
"(-16.514091133212798, 14.594461069091661)",IRD_184
"(-16.513474803558285, 14.594651363981592)",IRD_185
"(-16.514861758914833, 14.59545202428977)",IRD_186
"(-16.502336098671165, 14.585009921919415)",IRD_187
"(-16.501631963862557, 14.583342502236302)",IRD_188
"(-16.501470314960745, 14.584218427270594)",IRD_189
"(-16.501150924329476, 14.583576111145128)",IRD_190
"(-16.501792064277957, 14.584029002155598)",IRD_191
"(-16.506332245444153, 14.586529640173692)",IRD_192
"(-16.50358260296465, 14.58713099436679)",IRD_193
"(-16.50292376714281, 14.58811458187197)",IRD_194
"(-16.502739347375844, 14.588406158745718)",IRD_195
"(-16.502023043763415, 14.588301415381652)",IRD_196
"(-16.5017283622146, 14.58763057818046)",IRD_197
"(-16.501978602967416, 14.590860717508436)",IRD_198
"(-16.501743858598257, 14.591028297650707)",IRD_199
"(-16.500938097080603, 14.591225860996678)",IRD_200
"(-16.50232661168922, 14.590799771503333)",IRD_201
"(-16.50360911423536, 14.584494155832097)",IRD_202
"(-16.501706584149527, 14.584963840704441)",IRD_203
"(-16.503547849955595, 14.584119150023904)",IRD_204
"(-16.50346862693349, 14.583861222062435)",IRD_205
"(-16.50339162993806, 14.583670754505851)",IRD_206
"(-16.503050286519983, 14.584442841570205)",IRD_207
"(-16.502382156755132, 14.584131965150467)",IRD_208
"(-16.49827162229714, 14.58455861545055)",IRD_209
"(-16.497744085970766, 14.584651989289075)",IRD_210
"(-16.498250088446586, 14.58524238787435)",IRD_211
"(-16.497604658952653, 14.585582979733339)",IRD_212
"(-16.497914444358685, 14.583282642760025)",IRD_213
"(-16.498430289231525, 14.583808269112936)",IRD_214
"(-16.49827181138712, 14.58812880044854)",IRD_215
"(-16.497503369669737, 14.58746300238795)",IRD_216
"(-16.497148459973314, 14.587808771781352)",IRD_217
"(-16.49581684854352, 14.58763638314565)",IRD_218
"(-16.496908687855505, 14.58959651882243)",IRD_219
"(-16.496773177081362, 14.589873352234322)",IRD_220
"(-16.496355109555314, 14.589431709422112)",IRD_221
"(-16.499614418137217, 14.585826245329521)",IRD_222
"(-16.499415104349573, 14.58580324664353)",IRD_223
"(-16.49916229327575, 14.586115814334688)",IRD_224
"(-16.498871677506134, 14.585633152874095)",IRD_225
"(-16.507379506621245, 14.592658438701703)",IRD_226
"(-16.506227022391137, 14.59270778080857)",IRD_227
"(-16.506649843742633, 14.591528959975278)",IRD_228
"(-16.50594381525998, 14.591516530972148)",IRD_229
"(-16.505572158744478, 14.592041605754577)",IRD_230
"(-16.516315428432957, 14.589908927514541)",IRD_231
"(-16.51557838121702, 14.590423589505033)",IRD_232
"(-16.515119568959864, 14.59053228456319)",IRD_233
"(-16.515053687340362, 14.590862419291787)",IRD_234
"(-16.50908982998491, 14.58459529743647)",IRD_235
"(-16.509041970143052, 14.585200726975415)",IRD_236
"(-16.509698385448043, 14.583044266711793)",IRD_237
"(-16.506861801682092, 14.586527742672708)",IRD_238
"(-16.522963392605437, 14.614397210350212)",IRD_239
"(-16.522987309772848, 14.617996472582831)",IRD_240
"(-16.525466980935203, 14.618746451437385)",IRD_241
"(-16.52439964854072, 14.619269047918506)",IRD_242
"(-16.52419938028956, 14.619941211181496)",IRD_243
"(-16.53056501612817, 14.609730446110442)",IRD_244
"(-16.530391820378558, 14.610057409785309)",IRD_245
"(-16.530012211466207, 14.609465461303285)",IRD_246
"(-16.529111588550858, 14.610550155554387)",IRD_247
"(-16.52889229750994, 14.609904467200439)",IRD_248
"(-16.52842161941489, 14.610473836456666)",IRD_249
"(-16.52846966178348, 14.611122256694626)",IRD_250
"(-16.5301086058773, 14.612143809444909)",IRD_251
"(-16.528936975143324, 14.612518267183592)",IRD_252
"(-16.52638510796145, 14.612634411778549)",IRD_253
"(-16.52802771478941, 14.613096856684901)",IRD_254
"(-16.52757708566701, 14.613451966513663)",IRD_255
"(-16.527148030645968, 14.613716737000297)",IRD_256
"(-16.526428806783446, 14.608826395487688)",IRD_257
"(-16.530433465336078, 14.617799621430112)",IRD_258
"(-16.529729599756816, 14.61788734346888)",IRD_259
"(-16.532813292892783, 14.617951109521837)",IRD_260
"(-16.532587987374775, 14.618559864179682)",IRD_261
"(-16.534113271792062, 14.619176210700145)",IRD_262
"(-16.54111210343768, 14.624436143980676)",IRD_263
"(-16.539114799518273, 14.625000053299738)",IRD_264
"(-16.5443507039812, 14.622813288966542)",IRD_265
"(-16.533887528376177, 14.600234315444554)",IRD_266
"(-16.53348669913541, 14.600717907890724)",IRD_267
"(-16.534579450562987, 14.601306500365588)",IRD_268
"(-16.537008239062764, 14.615183702299522)",IRD_269
"(-16.537203034516732, 14.616055969381147)",IRD_270
"(-16.548507664052785, 14.578306402376034)",IRD_271
"(-16.548457466407104, 14.579033569469704)",IRD_272
"(-16.528830427019557, 14.598426831444408)",IRD_273
"(-16.527236662612204, 14.59396629881144)",IRD_274
"(-16.495923700690998, 14.57693699456424)",IRD_275
"(-16.49551441217148, 14.576766827434914)",IRD_276
"(-16.49487800288191, 14.575013845198445)",IRD_277
"(-16.49516698592144, 14.576246053377366)",IRD_278
"(-16.49516125445601, 14.577518173049585)",IRD_279
"(-16.493823627484414, 14.575000791416578)",IRD_280
"(-16.499073903321964, 14.576161477770594)",IRD_281
"(-16.500253115534477, 14.576474744382967)",IRD_282
"(-16.50167370153865, 14.57677207308073)",IRD_283
"(-16.501554658332115, 14.577307177455543)",IRD_284
"(-16.501092637104332, 14.57581633408426)",IRD_285
"(-16.50132660117694, 14.57623716161339)",IRD_286
"(-16.50079985966852, 14.575190015419476)",IRD_287
"(-16.49995699148556, 14.5755499203846)",IRD_288
"(-16.501077260650028, 14.577522928149605)",IRD_289
"(-16.501322564188015, 14.578032787413523)",IRD_290
"(-16.500438573015977, 14.577647553668804)",IRD_291
"(-16.500935987242876, 14.577928413675508)",IRD_292
"(-16.499837807325154, 14.578245234653236)",IRD_293
"(-16.499581928501566, 14.578660783237108)",IRD_294
"(-16.49989765422211, 14.578781974243622)",IRD_295
"(-16.499503847641467, 14.579088748942224)",IRD_296
"(-16.499851753326993, 14.579342197561369)",IRD_297
"(-16.498336695542196, 14.57974497166962)",IRD_298
"(-16.501543438294345, 14.579822186166455)",IRD_299
"(-16.50194253435704, 14.580358217624264)",IRD_300
"(-16.50031703542733, 14.580118638039277)",IRD_301
"(-16.49894597382456, 14.580632600464373)",IRD_302
"(-16.499713484075873, 14.581182650533936)",IRD_303
"(-16.500294745612543, 14.58157880557787)",IRD_304
"(-16.50103383283813, 14.582413882829949)",IRD_305
"(-16.500402035586667, 14.582580179386657)",IRD_306
"(-16.50171522740474, 14.58198043970093)",IRD_307
"(-16.500055336443417, 14.583023085015375)",IRD_308
"(-16.50079065663627, 14.58314407417588)",IRD_309
"(-16.499832338616443, 14.583161708232353)",IRD_310
"(-16.499662331456037, 14.583396625235563)",IRD_311
"(-16.49579920760873, 14.580490194894324)",IRD_312
"(-16.49616176981909, 14.583702502831905)",IRD_313
"(-16.490964166909258, 14.58190604302808)",IRD_314
"(-16.491549389985913, 14.581573753829824)",IRD_315
"(-16.49564394594248, 14.581583416167158)",IRD_316
"(-16.498920041093626, 14.590979003931931)",IRD_317
"(-16.499052984304083, 14.591520706144944)",IRD_318
"(-16.49849504685679, 14.59160880072991)",IRD_319
"(-16.497754700447018, 14.591304603815681)",IRD_320
"(-16.49719669766005, 14.591482460386795)",IRD_321
"(-16.496813086097063, 14.591572587634055)",IRD_322
"(-16.49646903652278, 14.591785343712077)",IRD_323
"(-16.496897946994636, 14.59193986999018)",IRD_324
"(-16.497445879659107, 14.592023852277668)",IRD_325
"(-16.498850963269, 14.592264570035601)",IRD_326
"(-16.50013512479311, 14.591962931197765)",IRD_327
"(-16.500204259654872, 14.58714873376146)",IRD_328
"(-16.50010718664654, 14.586079494468713)",IRD_329
"(-16.50115433842547, 14.586989131604517)",IRD_330
"(-16.49875955909807, 14.58625183931935)",IRD_331
"(-16.497782153009755, 14.585965052151655)",IRD_332
"(-16.498197975471275, 14.586170947313878)",IRD_333
"(-16.499205695506213, 14.586676594105084)",IRD_334
"(-16.501508638026653, 14.588064589005976)",IRD_335
"(-16.50102358041284, 14.588263479085722)",IRD_336
"(-16.50029454164805, 14.588201475415351)",IRD_337
"(-16.499530022548022, 14.588309220496948)",IRD_338
"(-16.499748512245855, 14.589125162501942)",IRD_339
"(-16.50091231830327, 14.58914342771206)",IRD_340
"(-16.501745073600187, 14.589457749719223)",IRD_341
"(-16.501861583766274, 14.590256032048515)",IRD_342
"(-16.500500928558765, 14.59008829668596)",IRD_343
"(-16.49900704135796, 14.589542338077592)",IRD_344
"(-16.497917274258178, 14.590113471944946)",IRD_345
"(-16.498174722911376, 14.590798066517566)",IRD_346
"(-16.494625218375305, 14.587536558663414)",IRD_347
"(-16.495071027692436, 14.58921324008151)",IRD_348
"(-16.495578957569336, 14.589338980872592)",IRD_349
"(-16.496647704012567, 14.588963032491442)",IRD_350
"(-16.494890282142883, 14.590200878680628)",IRD_351
"(-16.496094895825106, 14.585560603449661)",IRD_352
"(-16.49560395154068, 14.58661855369349)",IRD_353
"(-16.496219388498165, 14.59345701363161)",IRD_354
"(-16.49567001979484, 14.593202863713637)",IRD_355
"(-16.494702161385934, 14.594537907823312)",IRD_356
"(-16.469957351557944, 14.564638657615886)",IRD_357
"(-16.460440535116287, 14.579114757493914)",IRD_358
"(-16.462921132424164, 14.580188923905235)",IRD_359
"(-16.485150574846635, 14.580843320315529)",IRD_360
"(-16.471107825774123, 14.573981480346747)",IRD_361
"(-16.497629328669905, 14.572862169163233)",IRD_362
"(-16.492482699089177, 14.57735918225429)",IRD_363
"(-16.52964892505709, 14.614213813569775)",IRD_364
"(-16.527676570537, 14.604441147764565)",IRD_365
"(-16.46316175533291, 14.573446615974571)",IRD_366
"(-16.49771739397377, 14.572012567938375)",IRD_367
"(-16.525759107919708, 14.576071870671079)",IRD_368
"(-16.509183999290368, 14.581837024174922)",IRD_369
"(-16.49373079160887, 14.58324236354466)",IRD_370
"(-16.488657777327948, 14.571786100131579)",IRD_371
"(-16.54986654856867, 14.617024236501887)",IRD_372
"(-16.50686899758614, 14.587064492709143)",IRD_373
"(-16.493643195382468, 14.584214790239546)",IRD_374
"(-16.493274618989222, 14.583670033889302)",IRD_375
"(-16.494355893145325, 14.58378192598905)",IRD_376
"(-16.49351509891873, 14.585116421437426)",IRD_377
"(-16.492943160157036, 14.583270773048065)",IRD_378
"(-16.519886740129657, 14.619309185842205)",IRD_379
"(-16.519278880250933, 14.62118806252384)",IRD_380
"(-16.518984641699664, 14.621464161483622)",IRD_381
"(-16.51849977612107, 14.621863217952274)",IRD_382
"(-16.51848756674198, 14.622911619078003)",IRD_383
"(-16.506209034713134, 14.583361627828964)",IRD_384
"(-16.507232396260818, 14.5843046891499)",IRD_385
"(-16.506480047491472, 14.58468769001702)",IRD_386
"(-16.506204249188873, 14.584365300814754)",IRD_387
"(-16.504977169466557, 14.58448973837427)",IRD_388
"(-16.507826936605365, 14.583921520692027)",IRD_389
"(-16.507736256221946, 14.580412311424103)",IRD_390
"(-16.50770482218457, 14.585088160714822)",IRD_391
"(-16.507547804128322, 14.582463600715624)",IRD_392
"(-16.50756230739923, 14.579229467792619)",IRD_393
"(-16.499111970433937, 14.583120541434369)",IRD_394
"(-16.498233579055803, 14.582323401331731)",IRD_395
"(-16.498180363790514, 14.582678896637448)",IRD_396
"(-16.498321163047336, 14.581278311477586)",IRD_397
"(-16.498620134872716, 14.583337230633083)",IRD_398
"(-16.49836801985026, 14.583028183054571)",IRD_399
"(-16.49887169180277, 14.582065877227025)",IRD_400
"(-16.513428262038676, 14.58480534583905)",IRD_401
"(-16.512970604085922, 14.587490072019737)",IRD_402
"(-16.51204300517725, 14.587225593929729)",IRD_403
"(-16.511037997668076, 14.587962016783997)",IRD_404
"(-16.510714827911297, 14.587517537174614)",IRD_405
"(-16.511698124821134, 14.586969037073104)",IRD_406
"(-16.51121667970275, 14.587518863902428)",IRD_407
"(-16.521149954226793, 14.605169274806952)",IRD_408
"(-16.51864459479639, 14.594239751659265)",IRD_409
"(-16.507844623502375, 14.587710770042747)",IRD_410
"(-16.507174054545573, 14.58734805097092)",IRD_411
"(-16.506699871815183, 14.588254331148095)",IRD_412
"(-16.506088471136145, 14.587788428870443)",IRD_413
"(-16.504782339213673, 14.587330744185177)",IRD_414
"(-16.50473908229135, 14.5881364441943)",IRD_415
"(-16.50755515533441, 14.591828211848899)",IRD_416
"(-16.50512510424227, 14.59127992266569)",IRD_417
"(-16.50709589635771, 14.591789851426219)",IRD_418
"(-16.50905531484667, 14.59044246383533)",IRD_419
"(-16.508032629492146, 14.591321875291653)",IRD_420
"(-16.506795228342597, 14.593327194856764)",IRD_421
"(-16.495871652343343, 14.586255186095867)",IRD_422
"(-16.499718904483867, 14.591451060925547)",IRD_423
"(-16.50016431249647, 14.590899000548008)",IRD_424
"(-16.503293709781012, 14.589007314643986)",IRD_425
"(-16.500114481074988, 14.591351379459766)",IRD_426
"(-16.504909567006333, 14.576427858068612)",IRD_427
"(-16.50549745600887, 14.579009922986053)",IRD_428
"(-16.505284079149316, 14.57927099186044)",IRD_429
"(-16.504782267721204, 14.579716448170226)",IRD_430
"(-16.50550038926371, 14.57993179982065)",IRD_431
"(-16.504709851673354, 14.576245881982306)",IRD_432
"(-16.504176226983695, 14.579293483165754)",IRD_433
"(-16.504694143610486, 14.579842167144228)",IRD_434
"(-16.50446015999224, 14.579882124982156)",IRD_435
"(-16.504320962864202, 14.58042698629713)",IRD_436
"(-16.50388961060864, 14.580662142162245)",IRD_437
"(-16.504596513558287, 14.580931295316)",IRD_438
"(-16.504544345945337, 14.581625179613066)",IRD_439
"(-16.504038443976796, 14.581758415247451)",IRD_440
"(-16.504247558914262, 14.582496868913235)",IRD_441
"(-16.504122130007318, 14.583229892956366)",IRD_442
"(-16.503680945523456, 14.573825327108187)",IRD_443
"(-16.503055945698314, 14.577189295352282)",IRD_444
"(-16.503103114483086, 14.577889283887599)",IRD_445
"(-16.503625769459827, 14.578348772375652)",IRD_446
"(-16.502991867519246, 14.578814282429743)",IRD_447
"(-16.50338537586194, 14.579168901949764)",IRD_448
"(-16.50374583614609, 14.579480880327104)",IRD_449
"(-16.50317499114073, 14.579722247308219)",IRD_450
"(-16.50326338866644, 14.580343811647767)",IRD_451
"(-16.503795582655115, 14.582238448464091)",IRD_452
"(-16.501948826046952, 14.57630672159537)",IRD_453
"(-16.502137701998446, 14.577664965449008)",IRD_454
"(-16.502838369586136, 14.57820431750252)",IRD_455
"(-16.502148330374887, 14.579137050841767)",IRD_456
"(-16.5023358699723, 14.57947770254765)",IRD_457
"(-16.50200861694391, 14.579568341741243)",IRD_458
"(-16.50244566668591, 14.580106749561349)",IRD_459
"(-16.502266359862556, 14.580909501638741)",IRD_460
"(-16.502199051204943, 14.581565466127811)",IRD_461
"(-16.505592574033713, 14.584282598166016)",IRD_462
"(-16.50564652868636, 14.584025367417546)",IRD_463
"(-16.50389239854073, 14.583898066117207)",IRD_464
"(-16.50304959369803, 14.584088180838371)",IRD_465
"(-16.505531642800335, 14.585890660687706)",IRD_466
"(-16.50501846858839, 14.585903946841713)",IRD_467
"(-16.504521697989798, 14.586059370002543)",IRD_468
"(-16.5038550536693, 14.585496766922384)",IRD_469
"(-16.505355117093615, 14.586745712888382)",IRD_470
"(-16.50436356776795, 14.586563931800931)",IRD_471
"(-16.504258292643307, 14.587124618570341)",IRD_472
"(-16.503854099454873, 14.586346846513226)",IRD_473
"(-16.502698195211902, 14.58665196182792)",IRD_474
"(-16.50253294046753, 14.587094227875795)",IRD_475
"(-16.505656974455057, 14.587201727311484)",IRD_476
"(-16.505160192752584, 14.587369914906047)",IRD_477
"(-16.50419078908987, 14.587940842353218)",IRD_478
"(-16.503138851324348, 14.58734669689905)",IRD_479
"(-16.502389254899626, 14.587492019685381)",IRD_480
"(-16.505374918188558, 14.588167941203016)",IRD_481
"(-16.504282886849325, 14.58865173017228)",IRD_482
"(-16.503433317745692, 14.58824796892313)",IRD_483
"(-16.50519677173302, 14.590073060154102)",IRD_484
"(-16.502433145507897, 14.589939602983888)",IRD_485
"(-16.503528063451263, 14.591333074304611)",IRD_486
"(-16.50360840849568, 14.59086914604018)",IRD_487
"(-16.502949711934047, 14.591206485297757)",IRD_488
"(-16.502537706498387, 14.59125530727721)",IRD_489
"(-16.5027245369439, 14.592409590858718)",IRD_490
"(-16.502459297521707, 14.591882897792011)",IRD_491
"(-16.503200387675996, 14.591789746074225)",IRD_492
"(-16.50473910254205, 14.591959218492386)",IRD_493
"(-16.49962510273528, 14.586932619930888)",IRD_494
"(-16.49935105244914, 14.587095189289514)",IRD_495
"(-16.498918415541397, 14.587904555585771)",IRD_496
"(-16.49967524517475, 14.58733828602373)",IRD_497
"(-16.508752786129282, 14.578709428426412)",IRD_498
"(-16.506756629235998, 14.57832931027464)",IRD_499
"(-16.508002257696088, 14.579872433367775)",IRD_500
"(-16.508405187307527, 14.579233970767902)",IRD_501
"(-16.50574332758861, 14.579559588800013)",IRD_502
"(-16.50626372332986, 14.57936045400971)",IRD_503
"(-16.508759885051, 14.580488092239303)",IRD_504
"(-16.508221694156166, 14.580553591280605)",IRD_505
"(-16.50702577443019, 14.58042064628442)",IRD_506
"(-16.50620579049637, 14.579918684803571)",IRD_507
"(-16.506066220485106, 14.58022585556511)",IRD_508
"(-16.505975124971183, 14.580808099286356)",IRD_509
"(-16.508660397767613, 14.580944841617164)",IRD_510
"(-16.508569668295372, 14.58145102185924)",IRD_511
"(-16.509267414713936, 14.581204772711605)",IRD_512
"(-16.507996121282932, 14.581063272122032)",IRD_513
"(-16.506807884467428, 14.580868776610066)",IRD_514
"(-16.50660532148935, 14.581172367797762)",IRD_515
"(-16.50569526840023, 14.581370670895733)",IRD_516
"(-16.508033038765596, 14.581852672713302)",IRD_517
"(-16.5070098020039, 14.582244193024476)",IRD_518
"(-16.506684680090178, 14.5817527892632)",IRD_519
"(-16.506211184175267, 14.582003686595687)",IRD_520
"(-16.50619720630235, 14.582398600941959)",IRD_521
"(-16.50931565184871, 14.583094066995061)",IRD_522
"(-16.509118194529837, 14.582957537165063)",IRD_523
"(-16.508654401723813, 14.58335698363365)",IRD_524
"(-16.50873677820035, 14.583944687608591)",IRD_525
"(-16.50941154297088, 14.584056504081014)",IRD_526
"(-16.50846673055942, 14.584313036321696)",IRD_527
"(-16.508096706281634, 14.583601812240012)",IRD_528
"(-16.50787047752347, 14.584506709937951)",IRD_529
"(-16.507186224278243, 14.583666187650024)",IRD_530
"(-16.507478593310132, 14.583054154704469)",IRD_531
"(-16.507357516993718, 14.583425554082856)",IRD_532
"(-16.507192287406504, 14.585427531218604)",IRD_533
"(-16.50726971965367, 14.585783015762788)",IRD_534
"(-16.506463459552567, 14.585734300935997)",IRD_535
"(-16.506051815864463, 14.585840657840388)",IRD_536
"(-16.505948806361484, 14.586802192435453)",IRD_537
"(-16.5084051056296, 14.586223685021853)",IRD_538
"(-16.507869769497024, 14.586792826057366)",IRD_539
"(-16.505726953618836, 14.586408870994935)",IRD_540
"(-16.50907582579855, 14.587729373466047)",IRD_541
"(-16.50895960010093, 14.58879419851169)",IRD_542
"(-16.50886204936755, 14.588187521241373)",IRD_543
"(-16.50803918150662, 14.588702127495537)",IRD_544
"(-16.507689270392827, 14.588358851662342)",IRD_545
"(-16.507218830772278, 14.588259361290653)",IRD_546
"(-16.508475361849616, 14.589638802784286)",IRD_547
"(-16.50800033602805, 14.589397543245559)",IRD_548
"(-16.507677726361393, 14.589399282926339)",IRD_549
"(-16.509123490202395, 14.590123984256588)",IRD_550
"(-16.506979690529946, 14.590731543396178)",IRD_551
"(-16.50909120140818, 14.591362046540523)",IRD_552
"(-16.50828350405258, 14.590989471056956)",IRD_553
"(-16.505792883902526, 14.59083001296575)",IRD_554
"(-16.509109478932853, 14.592351088575736)",IRD_555
"(-16.507316057237354, 14.595287366600765)",IRD_556
"(-16.507484346526496, 14.596914220977542)",IRD_557
"(-16.508438530709856, 14.596502015673792)",IRD_558
"(-16.508360019110782, 14.597406176159987)",IRD_559
"(-16.51097906338229, 14.577967492539093)",IRD_560
"(-16.511001521591105, 14.578129955239342)",IRD_561
"(-16.51069509331331, 14.582550876397072)",IRD_562
"(-16.511423083735643, 14.583181169682863)",IRD_563
"(-16.512233347386882, 14.583627530720662)",IRD_564
"(-16.510406977333844, 14.584074781740796)",IRD_565
"(-16.511577441926043, 14.584169547685045)",IRD_566
"(-16.510028417523426, 14.584916083503495)",IRD_567
"(-16.511717475010062, 14.58482666520153)",IRD_568
"(-16.51247225772512, 14.58571425052097)",IRD_569
"(-16.510155649993774, 14.585977707725721)",IRD_570
"(-16.509711943415113, 14.586052190559787)",IRD_571
"(-16.511513903988803, 14.586444849944172)",IRD_572
"(-16.510481291988057, 14.586978130397013)",IRD_573
"(-16.509423363144258, 14.580763756526089)",IRD_574
"(-16.509578076851138, 14.58356033691636)",IRD_575
"(-16.5107354222551, 14.588100767374637)",IRD_576
"(-16.510106068836084, 14.588121894065608)",IRD_577
"(-16.512540874805676, 14.588152822260145)",IRD_578
"(-16.510799267477836, 14.588564749198746)",IRD_579
"(-16.510056178675853, 14.588946653802296)",IRD_580
"(-16.51064446663697, 14.591487457319634)",IRD_581
"(-16.510537777420456, 14.593129889427663)",IRD_582
"(-16.51093890905088, 14.596232730246516)",IRD_583
"(-16.513149731529975, 14.599695054940845)",IRD_584
"(-16.512350351664956, 14.617744238464118)",IRD_585
"(-16.51211883985959, 14.618157311381246)",IRD_586
"(-16.512826463174267, 14.618153162737887)",IRD_587
"(-16.52176924800259, 14.613730619027825)",IRD_588
"(-16.522282505791644, 14.602993304847885)",IRD_589
"(-16.5217258029832, 14.603253898719924)",IRD_590
"(-16.52240267391816, 14.603765296424122)",IRD_591
"(-16.519014849460223, 14.604364421519964)",IRD_592
"(-16.520814366646455, 14.604620009321538)",IRD_593
"(-16.521327917141765, 14.604686530371959)",IRD_594
"(-16.51921239454495, 14.607373669854756)",IRD_595
"(-16.517947124523985, 14.608536544173862)",IRD_596
"(-16.516714110238546, 14.606361661754947)",IRD_597
"(-16.522578518742183, 14.608558861789314)",IRD_598
"(-16.51895643118996, 14.608728237984037)",IRD_599
"(-16.51658037248288, 14.61686134690279)",IRD_600
"(-16.52021766279455, 14.543639838861017)",IRD_601
"(-16.519150878707872, 14.544750623707564)",IRD_602
"(-16.515977971631553, 14.572335872851863)",IRD_603
"(-16.514604564289805, 14.576198750467917)",IRD_604
"(-16.51928501506943, 14.581576208468837)",IRD_605
"(-16.516971083194562, 14.582514292877775)",IRD_606
"(-16.516461730397783, 14.589084111937224)",IRD_607
"(-16.516936132289306, 14.589597912449857)",IRD_608
"(-16.51752959949394, 14.594457307363857)",IRD_609
"(-16.51890637567446, 14.594723754987365)",IRD_610
"(-16.524489530112348, 14.592696768535195)",IRD_611
"(-16.52578181328208, 14.595520521799969)",IRD_612
"(-16.52593162109403, 14.596102007133611)",IRD_613
"(-16.524795287336033, 14.602800641221096)",IRD_614
"(-16.524544989508268, 14.603802538525647)",IRD_615
"(-16.523116217609758, 14.603466075909473)",IRD_616
"(-16.524856669580654, 14.612390270484143)",IRD_617
"(-16.5251631041668, 14.61299952772559)",IRD_618
"(-16.524680399327064, 14.613015664223218)",IRD_619
"(-16.44607902295813, 14.49028835161328)",IRD_620
"(-16.446598664804128, 14.490539015842074)",IRD_621
"(-16.446119995195325, 14.490884516694853)",IRD_622
"(-16.44769093954488, 14.490851006786212)",IRD_623
"(-16.44752523329867, 14.491872901902903)",IRD_624
"(-16.447282105854416, 14.492226914957893)",IRD_625
"(-16.445543279648685, 14.49142401128325)",IRD_626
"(-16.445475195637368, 14.490334577782678)",IRD_627
"(-16.44559428078042, 14.490818358581487)",IRD_628
"(-16.44487550612059, 14.489854240669791)",IRD_629
"(-16.445377276631763, 14.489295973663866)",IRD_630
"(-16.44659385308306, 14.488943582989396)",IRD_631
"(-16.44664949618614, 14.48917491230707)",IRD_632
"(-16.447040758148727, 14.489560081284207)",IRD_633
"(-16.447441257049316, 14.489672013326581)",IRD_634
"(-16.44748643547547, 14.49026863105468)",IRD_635
"(-16.448247090821553, 14.490377628565902)",IRD_636
"(-16.446078893993285, 14.491561905942408)",IRD_637
"(-16.447996392738965, 14.489588036832549)",IRD_638
"(-16.448350223682382, 14.488790615754663)",IRD_639
"(-16.443731111739698, 14.489901561958959)",IRD_640
"(-16.443715813008343, 14.490307177044315)",IRD_641
"(-16.44471601150544, 14.49063080282296)",IRD_642
"(-16.443855739201233, 14.48938224119361)",IRD_643
"(-16.442935687136607, 14.489941591796796)",IRD_644
"(-16.45047118234588, 14.491183075995405)",IRD_645
"(-16.4504716065684, 14.49056566842993)",IRD_646
"(-16.449585180963858, 14.491846127685564)",IRD_647
"(-16.45018346776346, 14.492018001584617)",IRD_648
"(-16.449818630979543, 14.491003926582826)",IRD_649
"(-16.44878684797423, 14.49140706129008)",IRD_650
"(-16.44833006533203, 14.492079176241536)",IRD_651
"(-16.447942261220582, 14.492498186891142)",IRD_652
"(-16.44898054256357, 14.492739076756475)",IRD_653
"(-16.44911398076853, 14.490720496354296)",IRD_654
"(-16.448823895349516, 14.490341658581583)",IRD_655
"(-16.449581328992714, 14.489929568699893)",IRD_656
"(-16.451088798769348, 14.49075495033336)",IRD_657
"(-16.45209509290083, 14.491576847835336)",IRD_658
"(-16.452523848518673, 14.491983992711361)",IRD_659
"(-16.453077717934125, 14.492464501283273)",IRD_660
"(-16.45170078548193, 14.493968807504064)",IRD_661
"(-16.45236830495972, 14.493709915485754)",IRD_662
"(-16.45287723524247, 14.493612003006467)",IRD_663
"(-16.453340204068844, 14.493211890610072)",IRD_664
"(-16.45231324430149, 14.492997471273679)",IRD_665
"(-16.451383214505103, 14.493099710788023)",IRD_666
"(-16.451408051485515, 14.492581112457462)",IRD_667
"(-16.451972480053932, 14.49232348240655)",IRD_668
"(-16.450681363144557, 14.493430961832853)",IRD_669
"(-16.450502435761734, 14.492758122419252)",IRD_670
"(-16.45142375063279, 14.491840914479237)",IRD_671
"(-16.45390522534816, 14.492851812634612)",IRD_672
"(-16.453608811139947, 14.49149933312015)",IRD_673
"(-16.45357224219812, 14.490917687734362)",IRD_674
"(-16.452584194589722, 14.491402461882407)",IRD_675
"(-16.452903683387703, 14.490731252113946)",IRD_676
"(-16.451889908246482, 14.49058163077055)",IRD_677
"(-16.454715079276838, 14.491233770344467)",IRD_678
"(-16.454200374673196, 14.490889711929889)",IRD_679
"(-16.45419331994773, 14.491486613841522)",IRD_680
"(-16.454570071782125, 14.491506798027094)",IRD_681
"(-16.451224778749143, 14.493696038846972)",IRD_682
"(-16.450757898815464, 14.491846102546043)",IRD_683
"(-16.455181684018847, 14.493311427809479)",IRD_684
"(-16.454912518330126, 14.493510263864062)",IRD_685
"(-16.45496539284457, 14.494029673117463)",IRD_686
"(-16.454302851692116, 14.493677853665888)",IRD_687
"(-16.455010013084888, 14.495787239985248)",IRD_688
"(-16.45547451871858, 14.494932955647917)",IRD_689
"(-16.45476723907951, 14.495036721346006)",IRD_690
"(-16.454046033592785, 14.494777092530096)",IRD_691
"(-16.453523868492585, 14.494241605093789)",IRD_692
"(-16.453780403486505, 14.495846891326401)",IRD_693
"(-16.454140574515545, 14.49647950203146)",IRD_694
"(-16.456099748045943, 14.495424303386402)",IRD_695
"(-16.456562893957134, 14.494435343876106)",IRD_696
"(-16.456710313146704, 14.495343242928234)",IRD_697
"(-16.45737956874135, 14.495231364244766)",IRD_698
"(-16.457103490411725, 14.49591801079344)",IRD_699
"(-16.456918514172607, 14.496510031722705)",IRD_700
"(-16.4559098846222, 14.496222191319479)",IRD_701
"(-16.45554222978441, 14.496340115545879)",IRD_702
"(-16.455678613955264, 14.49681550184752)",IRD_703
"(-16.45637657537123, 14.496810876801778)",IRD_704
"(-16.455764956490697, 14.497350394921408)",IRD_705
"(-16.455004005379045, 14.493263997617282)",IRD_706
"(-16.455973562181033, 14.493557861365899)",IRD_707
"(-16.456895475614946, 14.493279763139952)",IRD_708
"(-16.455779761535542, 14.492871732714782)",IRD_709
"(-16.453071724254674, 14.495690833057743)",IRD_710
"(-16.452721558776563, 14.495808355481484)",IRD_711
"(-16.452313537874932, 14.495724275321296)",IRD_712
"(-16.45299662857426, 14.49615672793769)",IRD_713
"(-16.452504317132423, 14.494803081641944)",IRD_714
"(-16.451498781098664, 14.494752766734921)",IRD_715
"(-16.450668241967623, 14.494649889343949)",IRD_716
"(-16.45107953486711, 14.494635643463207)",IRD_717
"(-16.450289101476123, 14.494957977029495)",IRD_718
"(-16.450818983743407, 14.495311196845401)",IRD_719
"(-16.449705975866024, 14.494409578306183)",IRD_720
"(-16.451194921393615, 14.496043994942859)",IRD_721
"(-16.451219320601385, 14.495705719769084)",IRD_722
"(-16.449842194333346, 14.493277117796605)",IRD_723
"(-16.450371288175383, 14.494073737579575)",IRD_724
"(-16.449259106843773, 14.493723729746163)",IRD_725
"(-16.451887740935017, 14.488754314727194)",IRD_726
"(-16.451604192416927, 14.489702041435116)",IRD_727
"(-16.45238629647046, 14.489453614801143)",IRD_728
"(-16.452221142592883, 14.490047508067132)",IRD_729
"(-16.449927793177228, 14.488922520705481)",IRD_730
"(-16.43803589776675, 14.48711324231626)",IRD_731
"(-16.437970884772216, 14.486607847040446)",IRD_732
"(-16.437601675048185, 14.488296588921372)",IRD_733
"(-16.43708990880477, 14.487725499672187)",IRD_734
"(-16.436519834674172, 14.488407976950416)",IRD_735
"(-16.437061387030422, 14.488842475848333)",IRD_736
"(-16.437745130743664, 14.485918612090952)",IRD_737
"(-16.43647865698435, 14.485553247728223)",IRD_738
"(-16.43976775854366, 14.487088194584304)",IRD_739
"(-16.439499022349644, 14.48730572194095)",IRD_740
"(-16.438821478076573, 14.487837809677329)",IRD_741
"(-16.43900146392418, 14.488243115393985)",IRD_742
"(-16.43968880102217, 14.487658106353082)",IRD_743
"(-16.43964023574107, 14.48600940707699)",IRD_744
"(-16.438441041533544, 14.486059296421288)",IRD_745
"(-16.43823204245148, 14.486175471684644)",IRD_746
"(-16.438432064046793, 14.485771509618099)",IRD_747
"(-16.438776451111703, 14.486039662361554)",IRD_748
"(-16.43766642348841, 14.48623616788572)",IRD_749
"(-16.43912486886202, 14.486999318474446)",IRD_750
"(-16.436834397156225, 14.48568297226832)",IRD_751
"(-16.43714929177221, 14.48585175998769)",IRD_752
"(-16.43845839762614, 14.487567331137916)",IRD_753
"(-16.438157493824225, 14.488278761679775)",IRD_754
"(-16.437115818463443, 14.485229376836214)",IRD_755
"(-16.435984075923436, 14.485459117297372)",IRD_756
"(-16.43452502073376, 14.486108349922363)",IRD_757
"(-16.433982148935172, 14.48656944969247)",IRD_758
"(-16.43349072776069, 14.486076614654753)",IRD_759
"(-16.43383400336579, 14.48564489061043)",IRD_760
"(-16.433157369695955, 14.485494321490664)",IRD_761
"(-16.43356250926908, 14.487357628133573)",IRD_762
"(-16.43410417334753, 14.487560189741)",IRD_763
"(-16.43512680198696, 14.486368853880006)",IRD_764
"(-16.435221984690475, 14.485360120252095)",IRD_765
"(-16.433752737575727, 14.48485391950292)",IRD_766
"(-16.4344829787278, 14.485025917093035)",IRD_767
"(-16.434403299951974, 14.484379797850044)",IRD_768
"(-16.435115422083772, 14.488233786448841)",IRD_769
"(-16.434893859338494, 14.488545696793143)",IRD_770
"(-16.435470925224834, 14.487952504980584)",IRD_771
"(-16.435643760028945, 14.487686458118368)",IRD_772
"(-16.436129418320135, 14.487036036219205)",IRD_773
"(-16.434611970683182, 14.487036246653245)",IRD_774
"(-16.436094897267, 14.48752650231649)",IRD_775
"(-16.435807011991635, 14.488352512271119)",IRD_776
"(-16.437054546217883, 14.49026591733447)",IRD_777
"(-16.438131445801485, 14.48996794374683)",IRD_778
"(-16.433061410859892, 14.488597807681492)",IRD_779
"(-16.432523259448008, 14.488317413498196)",IRD_780
"(-16.433223147445002, 14.487662373444323)",IRD_781
"(-16.433650136493988, 14.48892060188437)",IRD_782
"(-16.43301322425721, 14.486560905811551)",IRD_783
"(-16.432265747270467, 14.48656946645767)",IRD_784
"(-16.431634190001052, 14.486708494704278)",IRD_785
"(-16.437686988420914, 14.484172084815306)",IRD_786
"(-16.438246577844158, 14.485067755952615)",IRD_787
"(-16.436756328099577, 14.48448109198088)",IRD_788
"(-16.440685908654043, 14.486839904096541)",IRD_789
"(-16.439455264407794, 14.486598489312149)",IRD_790
"(-16.43989595260614, 14.488243403415392)",IRD_791
"(-16.43677324087729, 14.48972612178542)",IRD_792
"(-16.43707961942749, 14.491283505796725)",IRD_793
"(-16.43860315483197, 14.490707393728885)",IRD_794
"(-16.43794266234638, 14.490927426443422)",IRD_795
"(-16.43151976819558, 14.487767259549717)",IRD_796
"(-16.438855709598293, 14.488826542776017)",IRD_797
"(-16.442734039310835, 14.48826578712377)",IRD_798
"(-16.442789694722954, 14.487938347399597)",IRD_799
"(-16.442750898090036, 14.487446207513381)",IRD_800
"(-16.44259529476628, 14.487776222265376)",IRD_801
"(-16.441252581732094, 14.487691312558061)",IRD_802
"(-16.441856016505852, 14.487007797930916)",IRD_803
"(-16.44169456656136, 14.486123073252573)",IRD_804
"(-16.440140221242924, 14.486108739136386)",IRD_805
"(-16.440947148994507, 14.485953418778665)",IRD_806
"(-16.44020461100402, 14.487758299145888)",IRD_807
"(-16.440508112965244, 14.488964462001901)",IRD_808
"(-16.44094942960688, 14.489372466317972)",IRD_809
"(-16.44081746619217, 14.48956260867086)",IRD_810
"(-16.44010305752304, 14.489345674401644)",IRD_811
"(-16.43986964248311, 14.488949094531623)",IRD_812
"(-16.438744807375585, 14.489177541811557)",IRD_813
"(-16.441481493574322, 14.48966937374548)",IRD_814
"(-16.444990541873487, 14.484058948111695)",IRD_815
"(-16.44509257591489, 14.484614876216597)",IRD_816
"(-16.444780719450094, 14.485245082929806)",IRD_817
"(-16.44454801353851, 14.48472848240442)",IRD_818
"(-16.44457727888918, 14.485350319137849)",IRD_819
"(-16.443874642792608, 14.485450884791312)",IRD_820
"(-16.443843615181738, 14.484895486993407)",IRD_821
"(-16.44340395998862, 14.485966347089711)",IRD_822
"(-16.443506367197298, 14.487055833881717)",IRD_823
"(-16.444100556889378, 14.485801886237681)",IRD_824
"(-16.443875660356586, 14.486313479974491)",IRD_825
"(-16.4429050642917, 14.486101318016571)",IRD_826
"(-16.444210190975205, 14.491939745381142)",IRD_827
"(-16.443179990557194, 14.492104693790424)",IRD_828
"(-16.444821214549776, 14.491476251329189)",IRD_829
"(-16.44916977038557, 14.48215067742158)",IRD_830
"(-16.449692147075215, 14.481541286795073)",IRD_831
"(-16.449703326372074, 14.481023730294856)",IRD_832
"(-16.44932630699902, 14.480756906901233)",IRD_833
"(-16.450111041277292, 14.480267790287108)",IRD_834
"(-16.45040741652497, 14.480736247573772)",IRD_835
"(-16.45055719348562, 14.48183596727197)",IRD_836
"(-16.449979495356814, 14.482470458927041)",IRD_837
"(-16.44900193707793, 14.483039124158056)",IRD_838
"(-16.44842610341971, 14.482128830086841)",IRD_839
"(-16.44839597651046, 14.481249584707475)",IRD_840
"(-16.44950000209785, 14.482903016393971)",IRD_841
"(-16.44683869485376, 14.481565598610866)",IRD_842
"(-16.446912351142444, 14.482505744331036)",IRD_843
"(-16.447409279446198, 14.481760693420606)",IRD_844
"(-16.447166774599427, 14.48078865789935)",IRD_845
"(-16.446299887272108, 14.480976970575345)",IRD_846
"(-16.446063736485776, 14.481926579210187)",IRD_847
"(-16.44605090111986, 14.483424011520482)",IRD_848
"(-16.445688917696984, 14.481203822185876)",IRD_849
"(-16.447695181373835, 14.480872812882444)",IRD_850
"(-16.44576607847956, 14.484446503341248)",IRD_851
"(-16.44555566889241, 14.48386097924706)",IRD_852
"(-16.445621454764925, 14.483078945900962)",IRD_853
"(-16.445506525300832, 14.483497267970304)",IRD_854
"(-16.445171791588965, 14.482447708268774)",IRD_855
"(-16.44666441333015, 14.480921333953445)",IRD_856
"(-16.436751626939582, 14.465615408670653)",IRD_857
"(-16.43878366584876, 14.466776418384507)",IRD_858
"(-16.439199205970425, 14.465795481746746)",IRD_859
"(-16.43913259069923, 14.46624355214103)",IRD_860
"(-16.439657290482554, 14.466006509557289)",IRD_861
"(-16.43922338691, 14.464807302469177)",IRD_862
"(-16.438730010006104, 14.465955875624891)",IRD_863
"(-16.439053627213383, 14.467514150544156)",IRD_864
"(-16.437388291012567, 14.467184150183579)",IRD_865
"(-16.437931261829235, 14.466291011345332)",IRD_866
"(-16.43756751686972, 14.466842388354374)",IRD_867
"(-16.436369608397147, 14.468333884975882)",IRD_868
"(-16.436775959350516, 14.468535191460003)",IRD_869
"(-16.435938433547786, 14.468027576876475)",IRD_870
"(-16.43619789786279, 14.466392304114507)",IRD_871
"(-16.43691246460916, 14.467576950423583)",IRD_872
"(-16.438061866063332, 14.471241724276938)",IRD_873
"(-16.43810894430124, 14.471496448482387)",IRD_874
"(-16.43800867338343, 14.470515899749822)",IRD_875
"(-16.4379672867584, 14.47104623457484)",IRD_876
"(-16.43789971558083, 14.470866280721454)",IRD_877
"(-16.437948090531776, 14.471823635938453)",IRD_878
"(-16.43880261535595, 14.4711580032769)",IRD_879
"(-16.439291379093387, 14.470998067173346)",IRD_880
"(-16.439787770592446, 14.468462058446503)",IRD_881
"(-16.440568533844033, 14.469106053809936)",IRD_882
"(-16.439741968416435, 14.469174423131266)",IRD_883
"(-16.44089006656076, 14.469167223256271)",IRD_884
"(-16.440883680431106, 14.468812386361382)",IRD_885
"(-16.43527094635655, 14.4674274638147)",IRD_886
"(-16.434881586966643, 14.470242910651404)",IRD_887
"(-16.43409648543348, 14.470159457406684)",IRD_888
"(-16.434151352460198, 14.471508242622198)",IRD_889
"(-16.43351701653013, 14.471602455105838)",IRD_890
"(-16.439958611335378, 14.470076594236582)",IRD_891
"(-16.430534507481774, 14.473803928365871)",IRD_892
"(-16.43098727662194, 14.473384017305698)",IRD_893
"(-16.43113384201318, 14.474187890585613)",IRD_894
"(-16.43192647669641, 14.47264658244277)",IRD_895
"(-16.433512523086033, 14.475209779838284)",IRD_896
"(-16.433487892838123, 14.475417269867487)",IRD_897
"(-16.43353489300232, 14.475760850545882)",IRD_898
"(-16.433082884399344, 14.474178021360402)",IRD_899
"(-16.43335955265886, 14.472255290806137)",IRD_900
"(-16.433083617262504, 14.473004012383809)",IRD_901
"(-16.433474899767443, 14.476483425785357)",IRD_902
"(-16.433022726496223, 14.476118758258743)",IRD_903
"(-16.434276867374415, 14.473239974088399)",IRD_904
"(-16.433672658424754, 14.474780890658934)",IRD_905
"(-16.434076982325408, 14.472487734871017)",IRD_906
"(-16.434121298326005, 14.474375841371945)",IRD_907
"(-16.434762248382555, 14.475182409001368)",IRD_908
"(-16.43497025642536, 14.471561623754136)",IRD_909
"(-16.434715012001504, 14.471913266562987)",IRD_910
"(-16.434697101592707, 14.473994358166095)",IRD_911
"(-16.434840440237867, 14.475784987282907)",IRD_912
"(-16.434484853521564, 14.476260997196903)",IRD_913
"(-16.43603153726523, 14.474478992577458)",IRD_914
"(-16.43542125259074, 14.471600470493236)",IRD_915
"(-16.43552751228798, 14.473679574543583)",IRD_916
"(-16.44086860647425, 14.481953749220562)",IRD_917
"(-16.440442587057507, 14.481313705781098)",IRD_918
"(-16.441089293175125, 14.481453808075571)",IRD_919
"(-16.441508050401524, 14.481512218753155)",IRD_920
"(-16.44013096793398, 14.481677007750603)",IRD_921
"(-16.439702987109946, 14.481369767994257)",IRD_922
"(-16.43921889291029, 14.481112432352155)",IRD_923
"(-16.439356501924006, 14.481281453091741)",IRD_924
"(-16.43961245427643, 14.481955397436776)",IRD_925
"(-16.440445357387954, 14.482414960485686)",IRD_926
"(-16.440302525351473, 14.48052892898215)",IRD_927
"(-16.44006554319945, 14.48013158371179)",IRD_928
"(-16.43941001901288, 14.480512140351207)",IRD_929
"(-16.439640708383585, 14.480808304806471)",IRD_930
"(-16.440612943420724, 14.480797830085692)",IRD_931
"(-16.441265617074635, 14.480699741917325)",IRD_932
"(-16.44208530431853, 14.480702191122802)",IRD_933
"(-16.439341217350677, 14.479964700414662)",IRD_934
"(-16.439975958068402, 14.479336689876755)",IRD_935
"(-16.43935440570501, 14.479443026212785)",IRD_936
"(-16.43938497320224, 14.479221552356545)",IRD_937
"(-16.43936409514399, 14.478993053649258)",IRD_938
"(-16.440715003746114, 14.479313243912548)",IRD_939
"(-16.441253006300304, 14.479709575185996)",IRD_940
"(-16.44174966061584, 14.481973358961076)",IRD_941
"(-16.441721261911958, 14.482849459158546)",IRD_942
"(-16.442027258712326, 14.48325070855882)",IRD_943
"(-16.436225052916388, 14.484879294391675)",IRD_944
"(-16.43571290770089, 14.484645851015543)",IRD_945
"(-16.435253678659233, 14.484336760241298)",IRD_946
"(-16.43372868856718, 14.484126976035746)",IRD_947
"(-16.43432207958149, 14.48374170562722)",IRD_948
"(-16.43486377341663, 14.483376545143898)",IRD_949
"(-16.43463564348197, 14.482942657928906)",IRD_950
"(-16.43551289175922, 14.482860687033615)",IRD_951
"(-16.43601859845192, 14.4838287807118)",IRD_952
"(-16.435566370393527, 14.483729509178643)",IRD_953
"(-16.434625378143757, 14.482486876954452)",IRD_954
"(-16.434474505490055, 14.482258709723185)",IRD_955
"(-16.43403056258686, 14.482672825457847)",IRD_956
"(-16.434245185386427, 14.481819604567379)",IRD_957
"(-16.433287401488453, 14.48258037663233)",IRD_958
"(-16.432959000837318, 14.482245390351695)",IRD_959
"(-16.43271250230091, 14.48200933498589)",IRD_960
"(-16.432598245814837, 14.481357649140316)",IRD_961
"(-16.43220600604548, 14.481295680175482)",IRD_962
"(-16.432167717077505, 14.482043523033719)",IRD_963
"(-16.431903171152495, 14.481712222712176)",IRD_964
"(-16.43181733949762, 14.482873507382862)",IRD_965
"(-16.432808678550472, 14.483167377068597)",IRD_966
"(-16.432665356543637, 14.483756075023189)",IRD_967
"(-16.432538535225106, 14.484137079432916)",IRD_968
"(-16.43113472965139, 14.486014591341638)",IRD_969
"(-16.435958216813514, 14.486216862755152)",IRD_970
"(-16.43683588408362, 14.48635918017689)",IRD_971
"(-16.448872471797927, 14.494888196525629)",IRD_972
"(-16.43869386620586, 14.483789056387085)",IRD_973
"(-16.438698967289458, 14.484267158495442)",IRD_974
"(-16.43865384574631, 14.48332921005146)",IRD_975
"(-16.43825087487307, 14.483143074563758)",IRD_976
"(-16.4379245653389, 14.48281577545448)",IRD_977
"(-16.437462648725063, 14.482334067062245)",IRD_978
"(-16.436826119442095, 14.482287935710604)",IRD_979
"(-16.436272645286632, 14.4833111847222)",IRD_980
"(-16.436790002896696, 14.483907082350912)",IRD_981
"(-16.43726189005483, 14.483560240777)",IRD_982
"(-16.437535537889996, 14.483291325771217)",IRD_983
"(-16.436551129524997, 14.482808805726936)",IRD_984
"(-16.437280493773223, 14.482859034322225)",IRD_985
"(-16.439548281449014, 14.484297807883884)",IRD_986
"(-16.43917709616612, 14.483086362071287)",IRD_987
"(-16.440021727417324, 14.482883260122835)",IRD_988
"(-16.440192198314413, 14.483857211030953)",IRD_989
"(-16.440310097545215, 14.485698208256293)",IRD_990
"(-16.439498100504306, 14.48530902295967)",IRD_991
"(-16.439419337484523, 14.484878746173637)",IRD_992
"(-16.440505286834565, 14.484747272416316)",IRD_993
"(-16.44105140866432, 14.48333735769698)",IRD_994
"(-16.441110347856704, 14.484083572842257)",IRD_995
"(-16.438305747307055, 14.482410470448686)",IRD_996
"(-16.435429862301113, 14.480853412622334)",IRD_997
"(-16.43523726988225, 14.480583369120623)",IRD_998
"(-16.43479223653018, 14.48029761031895)",IRD_999
"(-16.43518033343953, 14.480296796432635)",IRD_1000
"(-16.438294249784118, 14.481786506822433)",IRD_1001
"(-16.438046562095877, 14.482533008546191)",IRD_1002
"(-16.437280182671653, 14.481595022790861)",IRD_1003
"(-16.437852294179155, 14.48134895960382)",IRD_1004
"(-16.436479317736683, 14.48147178778039)",IRD_1005
"(-16.43446926623246, 14.481275075678976)",IRD_1006
"(-16.434351309301586, 14.480677820206262)",IRD_1007
"(-16.435864070559948, 14.481110093985555)",IRD_1008
"(-16.448395393556627, 14.484401617578683)",IRD_1009
"(-16.448129773316168, 14.484001349179858)",IRD_1010
"(-16.44738660943984, 14.483888842946222)",IRD_1011
"(-16.44654422050083, 14.48388846021093)",IRD_1012
"(-16.447756149619906, 14.485829790503255)",IRD_1013
"(-16.448818866548592, 14.484847726086791)",IRD_1014
"(-16.44785170756791, 14.48509923228172)",IRD_1015
"(-16.448498922048856, 14.484663655472868)",IRD_1016
"(-16.448955559298692, 14.48534252359605)",IRD_1017
"(-16.44850905000202, 14.485584296237654)",IRD_1018
"(-16.449624208454143, 14.485884198524783)",IRD_1019
"(-16.44955752114532, 14.485392594532449)",IRD_1020
"(-16.451247206318648, 14.48282188562567)",IRD_1021
"(-16.44994538604836, 14.484145339992015)",IRD_1022
"(-16.45019293201613, 14.483201118158782)",IRD_1023
"(-16.449849968938583, 14.484740428914073)",IRD_1024
"(-16.450584031699535, 14.483591489303215)",IRD_1025
"(-16.450183100572293, 14.486221939905302)",IRD_1026
"(-16.451519723732265, 14.486320205422848)",IRD_1027
"(-16.451403551132014, 14.487907316493725)",IRD_1028
"(-16.450682162416225, 14.488643447683636)",IRD_1029
"(-16.453153336027846, 14.48469238862806)",IRD_1030
"(-16.45384642247731, 14.48605341767951)",IRD_1031
"(-16.454513275375046, 14.486385599214884)",IRD_1032
"(-16.454582283944283, 14.490079536183753)",IRD_1033
"(-16.45675968293463, 14.49121658302656)",IRD_1034
"(-16.452660788194052, 14.488168750014689)",IRD_1035
"(-16.456773539633307, 14.48991483739261)",IRD_1036
"(-16.45719285326459, 14.489360123115476)",IRD_1037
"(-16.454758072914316, 14.484544056244)",IRD_1038
"(-16.454187469995116, 14.48451514577354)",IRD_1039
"(-16.454356305887245, 14.485741994911857)",IRD_1040
"(-16.45334314851544, 14.485126545685668)",IRD_1041
"(-16.453761091994885, 14.48506434845967)",IRD_1042
"(-16.453458792117992, 14.486804828371278)",IRD_1043
"(-16.452880051200122, 14.487083275808896)",IRD_1044
"(-16.45735732194637, 14.485399455705256)",IRD_1045
"(-16.457847339905186, 14.484970795045943)",IRD_1046
"(-16.45690800228036, 14.487368335116436)",IRD_1047
"(-16.45704401685214, 14.486998725609533)",IRD_1048
"(-16.458117564895094, 14.485610041875733)",IRD_1049
"(-16.45880322906321, 14.488089166264453)",IRD_1050
"(-16.4584021409005, 14.487354349523024)",IRD_1051
"(-16.45899948105586, 14.487125018284686)",IRD_1052
"(-16.45640862654035, 14.487257194723213)",IRD_1053
"(-16.4560371255735, 14.489050902116714)",IRD_1054
"(-16.45674852653003, 14.488529106688953)",IRD_1055
"(-16.455139515594766, 14.490058658756688)",IRD_1056
"(-16.455183414561404, 14.489498218352004)",IRD_1057
"(-16.45423596946845, 14.489425868667187)",IRD_1058
"(-16.453800839232343, 14.487598837529964)",IRD_1059
"(-16.454833838802944, 14.487832142892959)",IRD_1060
"(-16.45483685018083, 14.487277867075717)",IRD_1061
"(-16.450679272571, 14.485424180328977)",IRD_1062
"(-16.448146742260843, 14.483484407677977)",IRD_1063
"(-16.447859521427432, 14.4830303085115)",IRD_1064
"(-16.44676219158462, 14.48324204391568)",IRD_1065
"(-16.450187678637928, 14.487733534804889)",IRD_1066
"(-16.451024322275288, 14.484362806229788)",IRD_1067
"(-16.45231989490084, 14.485495798169206)",IRD_1068
"(-16.45134768805058, 14.485483607705929)",IRD_1069
"(-16.45135773469218, 14.485141488978226)",IRD_1070
"(-16.451850188983688, 14.483924165587243)",IRD_1071
"(-16.452395934732152, 14.48376841356021)",IRD_1072
"(-16.453600590372062, 14.48846840498927)",IRD_1073
"(-16.453237783532792, 14.48948762516151)",IRD_1074
"(-16.453387413470132, 14.490279624600195)",IRD_1075
"(-16.454097618778494, 14.48861978958709)",IRD_1076
"(-16.455056889383872, 14.488794596972085)",IRD_1077
"(-16.455782985260626, 14.488225692166358)",IRD_1078
"(-16.454372327000453, 14.486972844556501)",IRD_1079
"(-16.455848438998594, 14.486307288934954)",IRD_1080
"(-16.455207412352493, 14.4862897186725)",IRD_1081
"(-16.455999892409043, 14.487345670664695)",IRD_1082
"(-16.45461025416544, 14.485304053574852)",IRD_1083
"(-16.455322149165827, 14.484797545060209)",IRD_1084
"(-16.454189850948367, 14.487508715682656)",IRD_1085
"(-16.441858532306576, 14.47953521336425)",IRD_1086
"(-16.441356656657497, 14.478365853886302)",IRD_1087
"(-16.442288754697884, 14.47899997226852)",IRD_1088
"(-16.441095069158326, 14.477869627801105)",IRD_1089
"(-16.44120368468346, 14.477305987897877)",IRD_1090
"(-16.44123125733611, 14.475820484059534)",IRD_1091
"(-16.440845490122534, 14.476417169792676)",IRD_1092
"(-16.440116144213118, 14.478481345294083)",IRD_1093
"(-16.440408165529057, 14.476794881787248)",IRD_1094
"(-16.441349473765523, 14.476478575649255)",IRD_1095
"(-16.43979029342301, 14.476476149486887)",IRD_1096
"(-16.44004680994498, 14.475882787626901)",IRD_1097
"(-16.439622236651225, 14.475967236162754)",IRD_1098
"(-16.440099891059837, 14.477698864933668)",IRD_1099
"(-16.439904185345075, 14.476927299816964)",IRD_1100
"(-16.433788982303334, 14.48018979200595)",IRD_1101
"(-16.43358906092527, 14.480677841107026)",IRD_1102
"(-16.433206199144387, 14.476964409297006)",IRD_1103
"(-16.432887816328467, 14.477265843425268)",IRD_1104
"(-16.434943144077877, 14.478154431933905)",IRD_1105
"(-16.43496428251834, 14.478675436351772)",IRD_1106
"(-16.434630470145198, 14.478650997548556)",IRD_1107
"(-16.43237750729868, 14.479407813213967)",IRD_1108
"(-16.43423502393497, 14.476894799810067)",IRD_1109
"(-16.435110432795305, 14.479465685839417)",IRD_1110
"(-16.434502929690204, 14.479555165256215)",IRD_1111
"(-16.43046691162089, 14.482229553807656)",IRD_1112
"(-16.430399741028655, 14.481695106901492)",IRD_1113
"(-16.44271981894227, 14.482476372431293)",IRD_1114
"(-16.441728886585498, 14.484377320348106)",IRD_1115
"(-16.442524293814092, 14.484329531789323)",IRD_1116
"(-16.443978285467892, 14.481037656395058)",IRD_1117
"(-16.44358127710417, 14.480763931606388)",IRD_1118
"(-16.442940850976527, 14.480691590899195)",IRD_1119
"(-16.443178737166924, 14.484590351424362)",IRD_1120
"(-16.443301387954705, 14.481918985694808)",IRD_1121
"(-16.436266543266548, 14.480319296836237)",IRD_1122
"(-16.442461745245534, 14.481416140963866)",IRD_1123
"(-16.43232490975862, 14.471939835128893)",IRD_1124
"(-16.443174668544163, 14.483121594125574)",IRD_1125
"(-16.444731874750666, 14.483668873853226)",IRD_1126
"(-16.44487776121147, 14.481285396932865)",IRD_1127
"(-16.4445475760625, 14.483260282114042)",IRD_1128
"(-16.443114151720398, 14.484227249381224)",IRD_1129
"(-16.444196704395825, 14.484161729144695)",IRD_1130
"(-16.442501798528763, 14.483529862489911)",IRD_1131
"(-16.444377052448125, 14.482371710566456)",IRD_1132
"(-16.443150079352037, 14.483918786285916)",IRD_1133
"(-16.443218057826144, 14.479681260644377)",IRD_1134
"(-16.43823153619362, 14.478595979897337)",IRD_1135
"(-16.438416530608674, 14.479045747034563)",IRD_1136
"(-16.438488173239815, 14.479599280569662)",IRD_1137
"(-16.43839691564425, 14.480659838905304)",IRD_1138
"(-16.43884929438781, 14.480285544879376)",IRD_1139
"(-16.438910066318492, 14.480851211858964)",IRD_1140
"(-16.43854607672055, 14.481162260870034)",IRD_1141
"(-16.438872928527424, 14.48190407201585)",IRD_1142
"(-16.43757357157096, 14.480319209266442)",IRD_1143
"(-16.4378460900644, 14.479712554141372)",IRD_1144
"(-16.437221316630033, 14.47992316201702)",IRD_1145
"(-16.443300775065474, 14.49264603561247)",IRD_1146
"(-16.443954374156093, 14.492880760043297)",IRD_1147
"(-16.44341560537831, 14.49372035906591)",IRD_1148
"(-16.44455370962023, 14.493946129235928)",IRD_1149
"(-16.443414520656184, 14.491814878691004)",IRD_1150
"(-16.444850343362674, 14.492490909306323)",IRD_1151
"(-16.444865392266212, 14.493487665977533)",IRD_1152
"(-16.445445084583202, 14.493072902715175)",IRD_1153
"(-16.446275259919837, 14.49310068674264)",IRD_1154
"(-16.4458401077461, 14.493486694893488)",IRD_1155
"(-16.44616307052615, 14.49400522287148)",IRD_1156
"(-16.446283673515097, 14.494552728136156)",IRD_1157
"(-16.44652098270444, 14.492732331601715)",IRD_1158
"(-16.44578794291819, 14.492233845597488)",IRD_1159
"(-16.446836118025853, 14.492395529099866)",IRD_1160
"(-16.447072321176577, 14.49287675248885)",IRD_1161
"(-16.44113452458331, 14.4642723778766)",IRD_1162
"(-16.440574013484376, 14.46405872558353)",IRD_1163
"(-16.44102703794481, 14.463821215247474)",IRD_1164
"(-16.44113735984119, 14.46383024779799)",IRD_1165
"(-16.440767181013637, 14.463264703185787)",IRD_1166
"(-16.442733461143632, 14.463840174788162)",IRD_1167
"(-16.443320673817027, 14.463941130072842)",IRD_1168
"(-16.443729633298844, 14.46475360674706)",IRD_1169
"(-16.444500694398258, 14.463413319207596)",IRD_1170
"(-16.442245773785856, 14.464538923030656)",IRD_1171
"(-16.44170791831359, 14.465189347333393)",IRD_1172
"(-16.442081070175753, 14.463175657379029)",IRD_1173
"(-16.44370879346226, 14.461959110462587)",IRD_1174
"(-16.443015816872187, 14.461823388794251)",IRD_1175
"(-16.440905415533344, 14.461091121623395)",IRD_1176
"(-16.44176405773674, 14.461426756943148)",IRD_1177
"(-16.439930702434467, 14.464582629142196)",IRD_1178
"(-16.44107188435293, 14.46744507866126)",IRD_1179
"(-16.44068110915755, 14.467015563968)",IRD_1180
"(-16.440304500174662, 14.467625949523823)",IRD_1181
"(-16.440778371293778, 14.468223436252662)",IRD_1182
"(-16.44177237116696, 14.467622844727137)",IRD_1183
"(-16.442316408902673, 14.46754105114428)",IRD_1184
"(-16.441369903426946, 14.466809285410275)",IRD_1185
"(-16.44440767737584, 14.487069115684735)",IRD_1186
"(-16.444836309655834, 14.486867141766965)",IRD_1187
"(-16.445371929133067, 14.486739669281736)",IRD_1188
"(-16.44587660105652, 14.486456072967137)",IRD_1189
"(-16.445407218417955, 14.487635271761787)",IRD_1190
"(-16.44395974878419, 14.487738447550129)",IRD_1191
"(-16.444003584228483, 14.48869744356863)",IRD_1192
"(-16.44566400995993, 14.488365994423509)",IRD_1193
"(-16.447522793057527, 14.488154562565347)",IRD_1194
"(-16.446645951731192, 14.48728264585853)",IRD_1195
"(-16.446360377310306, 14.48859534291212)",IRD_1196
"(-16.44647098253748, 14.488192314145609)",IRD_1197
"(-16.447501788082672, 14.48709029422029)",IRD_1198
"(-16.448298284686825, 14.486412400203935)",IRD_1199
"(-16.44822177078638, 14.485984409977728)",IRD_1200
"(-16.448948549620336, 14.486923430162458)",IRD_1201
"(-16.444684224765865, 14.486084432075371)",IRD_1202
"(-16.443158744374607, 14.487708657580617)",IRD_1203
"(-16.44318402664732, 14.488262310038108)",IRD_1204
"(-16.44138248468996, 14.492474860954532)",IRD_1205
"(-16.44130746299634, 14.492027171386416)",IRD_1206
"(-16.440595399923076, 14.492195941821926)",IRD_1207
"(-16.442008397360457, 14.493247768277199)",IRD_1208
"(-16.442520235732836, 14.492940812815336)",IRD_1209
"(-16.442677590137016, 14.494384511687423)",IRD_1210
"(-16.441879005696915, 14.49387885908681)",IRD_1211
"(-16.441126572287025, 14.493279284240375)",IRD_1212
"(-16.436200782630106, 14.470377724975833)",IRD_1213
"(-16.436188390670992, 14.470899702434448)",IRD_1214
"(-16.436048752204538, 14.471554744455164)",IRD_1215
"(-16.436682786336824, 14.471944627083762)",IRD_1216
"(-16.436540754902108, 14.473112709106017)",IRD_1217
"(-16.439838995020352, 14.489915192873314)",IRD_1218
"(-16.43996157360355, 14.489661400833148)",IRD_1219
"(-16.439291050693907, 14.489795789561093)",IRD_1220
"(-16.440004869454008, 14.490189507761546)",IRD_1221
"(-16.43973200435924, 14.490633553976831)",IRD_1222
"(-16.440207330064652, 14.490061927273375)",IRD_1223
"(-16.440791893866283, 14.490279765683622)",IRD_1224
"(-16.440114272687527, 14.49133967879998)",IRD_1225
"(-16.439308914655868, 14.491647315476694)",IRD_1226
"(-16.438894697460334, 14.491399532376363)",IRD_1227
"(-16.439037246750654, 14.490917823661047)",IRD_1228
"(-16.438128676490162, 14.491645693274746)",IRD_1229
"(-16.43852714497767, 14.492034322249902)",IRD_1230
"(-16.438723645773543, 14.492197160897499)",IRD_1231
"(-16.43901272890222, 14.492412374398661)",IRD_1232
"(-16.438115026952588, 14.49245408177833)",IRD_1233
"(-16.4378205001933, 14.49201433257038)",IRD_1234
"(-16.447907942957, 14.494741021646641)",IRD_1235
"(-16.448303682613773, 14.494933880421954)",IRD_1236
"(-16.4493433416009, 14.494662370085937)",IRD_1237
"(-16.44878086028036, 14.493974820391346)",IRD_1238
"(-16.448192652114706, 14.49390229298079)",IRD_1239
"(-16.448824882577142, 14.495888591612484)",IRD_1240
"(-16.449791720997002, 14.495088579610043)",IRD_1241
"(-16.449835310213157, 14.495692988439803)",IRD_1242
"(-16.449743924274927, 14.496620581764276)",IRD_1243
"(-16.450464386338037, 14.496484922607749)",IRD_1244
"(-16.450799403525036, 14.496160466082015)",IRD_1245
"(-16.447166928992583, 14.494501062614605)",IRD_1246
"(-16.447367158868477, 14.49538680706344)",IRD_1247
"(-16.447391968248798, 14.49329969266605)",IRD_1248
"(-16.45476640377217, 14.492476259866981)",IRD_1249
"(-16.454323972011203, 14.492151766972622)",IRD_1250
"(-16.455822037789662, 14.489705758536608)",IRD_1251
"(-16.427541319739497, 14.485616602244319)",IRD_1252
"(-16.427471743076293, 14.485953408052112)",IRD_1253
"(-16.428811088600696, 14.48711969998995)",IRD_1254
"(-16.429255318067757, 14.485879457648466)",IRD_1255
"(-16.42976561497973, 14.485997288816117)",IRD_1256
"(-16.430485275987312, 14.486191382490228)",IRD_1257
"(-16.430196065510728, 14.486132417523754)",IRD_1258
"(-16.4315772902842, 14.483929132597666)",IRD_1259
"(-16.431714660908504, 14.4835013409775)",IRD_1260
"(-16.427744060766948, 14.488648676725122)",IRD_1261
"(-16.438336282082396, 14.472766258686187)",IRD_1262
"(-16.438066222821085, 14.472219813052227)",IRD_1263
"(-16.437720550987926, 14.473218869915838)",IRD_1264
"(-16.437984842409104, 14.472917272757723)",IRD_1265
"(-16.43880642780156, 14.473584949860559)",IRD_1266
"(-16.43828509432524, 14.47456568386616)",IRD_1267
"(-16.439594931579805, 14.474048605164398)",IRD_1268
"(-16.43960107653745, 14.473582058319373)",IRD_1269
"(-16.439206008557232, 14.472202646472253)",IRD_1270
"(-16.438715026988707, 14.472411127263475)",IRD_1271
"(-16.439523502745864, 14.475088162011728)",IRD_1272
"(-16.43856434656104, 14.475749936727963)",IRD_1273
"(-16.441828888670962, 14.491158152429369)",IRD_1274
"(-16.441690772900344, 14.491537557649087)",IRD_1275
"(-16.44104830063804, 14.491262479839536)",IRD_1276
"(-16.441610310755866, 14.491789600607612)",IRD_1277
"(-16.442072776059387, 14.492304350649917)",IRD_1278
"(-16.442586868017006, 14.491987266627616)",IRD_1279
"(-16.442971971703603, 14.491803487028486)",IRD_1280
"(-16.442988266431044, 14.491199159251398)",IRD_1281
"(-16.44285892509561, 14.490458430883072)",IRD_1282
"(-16.442534642852436, 14.48995001996101)",IRD_1283
"(-16.442199348305042, 14.490607946443681)",IRD_1284
"(-16.442981985815226, 14.489335443615843)",IRD_1285
"(-16.43722631060236, 14.475817902012771)",IRD_1286
"(-16.43713622073752, 14.476491262229668)",IRD_1287
"(-16.436842655520326, 14.476734464088997)",IRD_1288
"(-16.437879652774228, 14.47649492558791)",IRD_1289
"(-16.438464151647974, 14.476938489716115)",IRD_1290
"(-16.439024941712116, 14.477263721451697)",IRD_1291
"(-16.43606637473318, 14.476259019656677)",IRD_1292
"(-16.4353650664885, 14.47696530748831)",IRD_1293
"(-16.43559608698268, 14.477406869263673)",IRD_1294
"(-16.437107375718615, 14.478666280504099)",IRD_1295
"(-16.43640040178517, 14.477918688927398)",IRD_1296
"(-16.43881826316521, 14.478177738808759)",IRD_1297
"(-16.437593478059014, 14.47769832792949)",IRD_1298
"(-16.435627393563752, 14.478557757849554)",IRD_1299
"(-16.43531779014868, 14.477997621444896)",IRD_1300
"(-16.435076407151886, 14.47761336751984)",IRD_1301
"(-16.436099441362845, 14.479251295457047)",IRD_1302
"(-16.44098588243803, 14.475240492036972)",IRD_1303
"(-16.44048047025508, 14.47525904491725)",IRD_1304
"(-16.440449854144134, 14.474203643844916)",IRD_1305
"(-16.441264794286862, 14.47416085913933)",IRD_1306
"(-16.44053913815764, 14.473333470271482)",IRD_1307
"(-16.439774288965967, 14.472953375577047)",IRD_1308
"(-16.44081301396723, 14.472326534104392)",IRD_1309
"(-16.43983857049281, 14.471693416189602)",IRD_1310
"(-16.440706732039015, 14.471517388147427)",IRD_1311
"(-16.439812498489324, 14.470790115117692)",IRD_1312
"(-16.44287167401905, 14.485073614058553)",IRD_1313
"(-16.44122565233525, 14.485422823785969)",IRD_1314
"(-16.442104182909556, 14.48515966702861)",IRD_1315
"(-16.43996524671794, 14.460808770169649)",IRD_1316
"(-16.438238335664497, 14.461917094270339)",IRD_1317
"(-16.43836849132746, 14.462729450760623)",IRD_1318
"(-16.43910775105537, 14.461975027442639)",IRD_1319
"(-16.440437382420633, 14.461916763797698)",IRD_1320
"(-16.439973878839048, 14.462658810803982)",IRD_1321
"(-16.4395223511988, 14.462843693078536)",IRD_1322
"(-16.438928177607444, 14.463534445008023)",IRD_1323
"(-16.437854381295686, 14.463032917199401)",IRD_1324
"(-16.437117571189912, 14.464000266299818)",IRD_1325
"(-16.436846903214004, 14.464873084144688)",IRD_1326
"(-16.438556710614577, 14.46495255160235)",IRD_1327
"(-16.437643944565327, 14.464997078701806)",IRD_1328
"(-16.437889920992866, 14.464245616850924)",IRD_1329
"(-16.45730905180496, 14.491582981875036)",IRD_1330
"(-16.457168229218627, 14.490952658386298)",IRD_1331
"(-16.456358463900035, 14.491193073951633)",IRD_1332
"(-16.455593722885368, 14.491269998743597)",IRD_1333
"(-16.455724617336386, 14.49220251546476)",IRD_1334
"(-16.456639038235217, 14.491937399983922)",IRD_1335
"(-16.456704981018813, 14.492433153722283)",IRD_1336
"(-16.443044367403413, 14.491590316213353)",IRD_1337
"(-16.44793796633702, 14.491607149638213)",IRD_1338
"(-16.446948490638096, 14.490924204821097)",IRD_1339
"(-16.44712905756532, 14.491357927063166)",IRD_1340
"(-16.443838357587456, 14.490746944520705)",IRD_1341
"(-16.44403938351739, 14.491339975548865)",IRD_1342
"(-16.443582588223514, 14.490979564452998)",IRD_1343
"(-16.43792687346963, 14.489289598545522)",IRD_1344
"(-16.446129685581738, 14.489771374450855)",IRD_1345
"(-16.434004378601244, 14.469417154581715)",IRD_1346
"(-16.450147269216373, 14.487216414443216)",IRD_1347
"(-16.43366526814015, 14.469375046827988)",IRD_1348
"(-16.433788512470134, 14.469423694771416)",IRD_1349
"(-16.434657888062564, 14.472389760856101)",IRD_1350
"(-16.436048668204613, 14.472353985604693)",IRD_1351
"(-16.439267994711734, 14.476475794110094)",IRD_1352
"(-16.435445930444377, 14.474896659179432)",IRD_1353
"(-16.43208681547323, 14.473806233424472)",IRD_1354
"(-16.43075633900608, 14.48469323845822)",IRD_1355
"(-16.454890127074645, 14.496525551400165)",IRD_1356
"(-16.43837006877693, 14.496836554153917)",IRD_1357
"(-16.46858108825429, 14.502478864024338)",IRD_1358
"(-16.469066248237844, 14.50266322548165)",IRD_1359
"(-16.439496573371304, 14.478017698788065)",IRD_1360
"(-16.4561260595753, 14.4854936628302)",IRD_1361
"(-16.456483012374882, 14.486176069361472)",IRD_1362
"(-16.457125743113806, 14.488026248553114)",IRD_1363
"(-16.457921468499173, 14.486665076146457)",IRD_1364
"(-16.458460481193608, 14.48676199304007)",IRD_1365
"(-16.45890193748675, 14.485071906865787)",IRD_1366
"(-16.44432564320173, 14.481311721602466)",IRD_1367
"(-16.432352338103765, 14.49897514457115)",IRD_1368
"(-16.43158240108293, 14.500700881340855)",IRD_1369
"(-16.42959676304268, 14.497664862393787)",IRD_1370
"(-16.43632935698292, 14.50123370175284)",IRD_1371
"(-16.436587853676237, 14.501770887842914)",IRD_1372
"(-16.446614667269543, 14.486113306588775)",IRD_1373
"(-16.447076101668323, 14.485076484521922)",IRD_1374
"(-16.445379124028477, 14.485980566976343)",IRD_1375
"(-16.445579038572493, 14.485351255952505)",IRD_1376
"(-16.4463445961216, 14.484729429408935)",IRD_1377
"(-16.44139882262393, 14.489265272345582)",IRD_1378
"(-16.439824272652658, 14.492185211936967)",IRD_1379
"(-16.441505229647547, 14.46044365565519)",IRD_1380
"(-16.463973814931997, 14.485688488668773)",IRD_1381
"(-16.508925288901754, 14.49877959126283)",IRD_1382
"(-16.51335935761844, 14.500183436743072)",IRD_1383
"(-16.53909754335487, 14.505907930996454)",IRD_1384
"(-16.543274156452085, 14.502258858730796)",IRD_1385
"(-16.54341389193869, 14.501778352628726)",IRD_1386
"(-16.53260650293904, 14.495152825279307)",IRD_1387
"(-16.53327098000318, 14.494966815681861)",IRD_1388
"(-16.532109617979106, 14.495150073827435)",IRD_1389
"(-16.52669433542558, 14.49558980192673)",IRD_1390
"(-16.52731443640288, 14.495490717569588)",IRD_1391
"(-16.517683318599733, 14.498056687140943)",IRD_1392
"(-16.515746606099803, 14.496030177881124)",IRD_1393
"(-16.517685867144504, 14.500501171721787)",IRD_1394
"(-16.516475102085792, 14.491115930273756)",IRD_1395
"(-16.516741552994333, 14.491478565215425)",IRD_1396
"(-16.50616461846065, 14.500799027693045)",IRD_1397
"(-16.50614067481764, 14.500535929153026)",IRD_1398
"(-16.51084075146355, 14.498282295387256)",IRD_1399
"(-16.511170883669138, 14.498677022835679)",IRD_1400
"(-16.5172101208288, 14.496565969212387)",IRD_1401
"(-16.516894932919843, 14.496688804971381)",IRD_1402
"(-16.522871192392003, 14.492964240052878)",IRD_1403
"(-16.528837278376066, 14.480134298839506)",IRD_1404
"(-16.507961747049325, 14.50101298455555)",IRD_1405
"(-16.53725168098131, 14.490780875589238)",IRD_1406
"(-16.539083464142745, 14.508362675397136)",IRD_1407
"(-16.539855318213593, 14.508871430711636)",IRD_1408
"(-16.539104827531283, 14.50014306706557)",IRD_1409
"(-16.522248078927035, 14.50024779705744)",IRD_1410
"(-16.52114986946666, 14.500338799087038)",IRD_1411
"(-16.52049086266925, 14.500842800678663)",IRD_1412
"(-16.51101958016167, 14.501480460925661)",IRD_1413
"(-16.511123342395404, 14.502247046404836)",IRD_1414
"(-16.509071991147636, 14.501102999509932)",IRD_1415
"(-16.5100634606939, 14.50216153079523)",IRD_1416
"(-16.511153659856305, 14.500586638110175)",IRD_1417
"(-16.519454690216257, 14.499918150257859)",IRD_1418
"(-16.519483447518866, 14.500422073407352)",IRD_1419
"(-16.519727208708698, 14.498468386569018)",IRD_1420
"(-16.519892938649175, 14.498736373657346)",IRD_1421
"(-16.51902759049398, 14.499367075792065)",IRD_1422
"(-16.52295452282957, 14.497555244655976)",IRD_1423
"(-16.52105250254202, 14.494571157108531)",IRD_1424
"(-16.520660395669942, 14.494520549529113)",IRD_1425
"(-16.52070299107115, 14.49480592515126)",IRD_1426
"(-16.52088132010822, 14.49390059379017)",IRD_1427
"(-16.52028322792104, 14.493895059334918)",IRD_1428
"(-16.519608142391313, 14.49493122597278)",IRD_1429
"(-16.521904523404192, 14.497981949825629)",IRD_1430
"(-16.52014604668299, 14.494738677319134)",IRD_1431
"(-16.511523232691932, 14.495424960580829)",IRD_1432
"(-16.505542088648955, 14.500610114566973)",IRD_1433
"(-16.50612735796914, 14.499928881359157)",IRD_1434
"(-16.50380871857672, 14.49989595449923)",IRD_1435
"(-16.509002279712956, 14.501845182789983)",IRD_1436
"(-16.497861123697252, 14.517095369014635)",IRD_1437
"(-16.495628577860696, 14.513667615224637)",IRD_1438
"(-16.516686968987248, 14.515824984492934)",IRD_1439
"(-16.514679974326583, 14.51602068925617)",IRD_1440
"(-16.51519601230266, 14.51539997552626)",IRD_1441
"(-16.53682153077768, 14.50027356117334)",IRD_1442
"(-16.53274447542105, 14.49846144602515)",IRD_1443
"(-16.533405880972595, 14.498437185454414)",IRD_1444
"(-16.519366894149417, 14.500766029470936)",IRD_1445
"(-16.520980409945178, 14.498728143592162)",IRD_1446
"(-16.52271870545766, 14.502371384430026)",IRD_1447
"(-16.528459090956254, 14.499088739780046)",IRD_1448
"(-16.529406726859236, 14.4990910188675)",IRD_1449
"(-16.53370831089576, 14.498983106895498)",IRD_1450
"(-16.53201458396575, 14.500296233244628)",IRD_1451
"(-16.528883263650368, 14.498281863534798)",IRD_1452
"(-16.518285578687536, 14.496152571623004)",IRD_1453
"(-16.506722496636343, 14.500204252167428)",IRD_1454
"(-16.505036777609103, 14.501334004053696)",IRD_1455
"(-16.510311302422085, 14.501257041509865)",IRD_1456
"(-16.510846670419934, 14.500913482244535)",IRD_1457
"(-16.510254283906125, 14.502477865783366)",IRD_1458
"(-16.515320993883496, 14.500558812424563)",IRD_1459
"(-16.515083763487517, 14.500159098056683)",IRD_1460
"(-16.514869288666837, 14.500541470170047)",IRD_1461
"(-16.514843259592993, 14.501130998475682)",IRD_1462
"(-16.522408692537056, 14.497246084524738)",IRD_1463
"(-16.521894891788822, 14.497476935707459)",IRD_1464
"(-16.52247141979244, 14.497021717322765)",IRD_1465
"(-16.522454843884983, 14.497520463115345)",IRD_1466
"(-16.51959477754063, 14.495565570852003)",IRD_1467
"(-16.516101864909427, 14.495780180643793)",IRD_1468
"(-16.520557747762556, 14.495203289087911)",IRD_1469
"(-16.520932259177147, 14.495096579377515)",IRD_1470
"(-16.52123676276752, 14.494993012417677)",IRD_1471
"(-16.51230372771903, 14.495035962934555)",IRD_1472
"(-16.51219903609481, 14.494638954937725)",IRD_1473
"(-16.511418198735324, 14.495110528146983)",IRD_1474
"(-16.529438766955376, 14.498523084378679)",IRD_1475
"(-16.52879106549666, 14.498823666013527)",IRD_1476
"(-16.518842981572266, 14.50015728375246)",IRD_1477
"(-16.5336913293573, 14.499484492592796)",IRD_1478
"(-16.533738007379434, 14.4997397586512)",IRD_1479
"(-16.50365058705936, 14.5013490151504)",IRD_1480
"(-16.504159283386375, 14.501742372649092)",IRD_1481
"(-16.506431865324956, 14.500949963843853)",IRD_1482
"(-16.511955616526034, 14.49873973923558)",IRD_1483
"(-16.511687333191734, 14.49813278050442)",IRD_1484
"(-16.539399081430787, 14.488475942180397)",IRD_1485
"(-16.53741424122399, 14.490313251510942)",IRD_1486
"(-16.53980232912916, 14.488171314905323)",IRD_1487
"(-16.536994516749793, 14.49123744782596)",IRD_1488
"(-16.53919292856165, 14.508958053751122)",IRD_1489
"(-16.53857255460487, 14.508572177566748)",IRD_1490
"(-16.531299913752598, 14.500362602691615)",IRD_1491
"(-16.532356522828348, 14.49915651462071)",IRD_1492
"(-16.534545360954766, 14.500263178489273)",IRD_1493
"(-16.529133860197515, 14.479687845309169)",IRD_1494
"(-16.529528421213907, 14.47936269927582)",IRD_1495
"(-16.52274854689014, 14.493463723003105)",IRD_1496
"(-16.52372567620751, 14.494604142745057)",IRD_1497
"(-16.522900974495975, 14.500549714165164)",IRD_1498
"(-16.52167212549696, 14.500422929671194)",IRD_1499
"(-16.522111533299203, 14.501382930439346)",IRD_1500
"(-16.523001596687457, 14.50167511878235)",IRD_1501
"(-16.523580115070065, 14.50177343825054)",IRD_1502
"(-16.51211314617544, 14.49771752307041)",IRD_1503
"(-16.50989599135559, 14.504268704081381)",IRD_1504
"(-16.506840492366035, 14.49841714864949)",IRD_1505
"(-16.508400431780473, 14.498224051692155)",IRD_1506
"(-16.507379344711865, 14.497144107055645)",IRD_1507
"(-16.507080370753318, 14.498927475583159)",IRD_1508
"(-16.50613734165869, 14.499155237981805)",IRD_1509
"(-16.508068136723058, 14.500108741000561)",IRD_1510
"(-16.50917083685505, 14.500451446004625)",IRD_1511
"(-16.507168050717517, 14.499720010382072)",IRD_1512
"(-16.509232334441897, 14.49993694453966)",IRD_1513
"(-16.49970614601797, 14.499466873284558)",IRD_1514
"(-16.509933662314406, 14.500694078685095)",IRD_1515
"(-16.513209897582467, 14.502493532768572)",IRD_1516
"(-16.512667687595687, 14.50261513799841)",IRD_1517
"(-16.512052742911692, 14.499850878198236)",IRD_1518
"(-16.510256559935993, 14.498689381079409)",IRD_1519
"(-16.513664535231428, 14.499594550578035)",IRD_1520
"(-16.513028681837298, 14.49971625124615)",IRD_1521
"(-16.512675106974513, 14.499044744494924)",IRD_1522
"(-16.513534980272283, 14.499022594252654)",IRD_1523
"(-16.513606310961155, 14.498533490444983)",IRD_1524
"(-16.51411637505792, 14.49819999888172)",IRD_1525
"(-16.512707760674434, 14.498552789613571)",IRD_1526
"(-16.51598292994941, 14.49699974941291)",IRD_1527
"(-16.5182118739459, 14.497209675782194)",IRD_1528
"(-16.526878726944155, 14.495061377448048)",IRD_1529
"(-16.525199857046793, 14.497834624442472)",IRD_1530
"(-16.52456629493414, 14.497314234861594)",IRD_1531
"(-16.528034192253685, 14.495818348953105)",IRD_1532
"(-16.527958466454027, 14.496574129444092)",IRD_1533
"(-16.527515865924055, 14.49484864402528)",IRD_1534
"(-16.528861698500535, 14.496869221793322)",IRD_1535
"(-16.52373291095734, 14.49550544561887)",IRD_1536
"(-16.52375299972278, 14.495935405807872)",IRD_1537
"(-16.518693163247974, 14.49741227171257)",IRD_1538
"(-16.516107999537198, 14.49562968409837)",IRD_1539
"(-16.516366592193304, 14.49593518333573)",IRD_1540
"(-16.51838237627631, 14.495126379404104)",IRD_1541
"(-16.518702539782446, 14.495750619629439)",IRD_1542
"(-16.518996440369435, 14.495217648950796)",IRD_1543
"(-16.51783493896364, 14.495361388063628)",IRD_1544
"(-16.517199789094153, 14.496040818099878)",IRD_1545
"(-16.515414333753682, 14.496059226839645)",IRD_1546
"(-16.514827575800613, 14.496140866957184)",IRD_1547
"(-16.515128757020047, 14.496083594365972)",IRD_1548
"(-16.531358267505034, 14.49684649130688)",IRD_1549
"(-16.53206868766853, 14.497040088284061)",IRD_1550
"(-16.532150438179954, 14.496606651356426)",IRD_1551
"(-16.53171895552445, 14.497611915454343)",IRD_1552
"(-16.529408198679995, 14.497446367088717)",IRD_1553
"(-16.52900632241397, 14.500162283019954)",IRD_1554
"(-16.531499893302705, 14.498885789067774)",IRD_1555
"(-16.530786450955627, 14.499696908754236)",IRD_1556
"(-16.53034931375076, 14.498816328461258)",IRD_1557
"(-16.53059211660513, 14.498044491872411)",IRD_1558
"(-16.52981719907143, 14.497901998428445)",IRD_1559
"(-16.530411515530492, 14.49772027704591)",IRD_1560
"(-16.517826316264557, 14.498678949979663)",IRD_1561
"(-16.52253377552743, 14.499928067341887)",IRD_1562
"(-16.522746156230664, 14.499602243663743)",IRD_1563
"(-16.522659662353423, 14.49915436480765)",IRD_1564
"(-16.522282623663067, 14.499179894609716)",IRD_1565
"(-16.521905478509304, 14.498657387825073)",IRD_1566
"(-16.520909844977382, 14.499339235458454)",IRD_1567
"(-16.52098227784382, 14.501197735256623)",IRD_1568
"(-16.543943234581405, 14.496231736375805)",IRD_1569
"(-16.54436756781059, 14.495747251902362)",IRD_1570
"(-16.54336513933095, 14.495605222511758)",IRD_1571
"(-16.54844894012587, 14.494696694806237)",IRD_1572
"(-16.548024937196583, 14.494372639982055)",IRD_1573
"(-16.538642611507754, 14.507872685812703)",IRD_1574
"(-16.533181920839382, 14.502025178414538)",IRD_1575
"(-16.544106712918637, 14.502201184073186)",IRD_1576
"(-16.544028269355437, 14.502815191289946)",IRD_1577
"(-16.538736260018275, 14.50649330918772)",IRD_1578
"(-16.538263061941468, 14.506524166428004)",IRD_1579
"(-16.53963895766884, 14.507612457428047)",IRD_1580
"(-16.539568107435706, 14.50811307228725)",IRD_1581
"(-16.52154154333744, 14.505111812415572)",IRD_1582
"(-16.521252573717778, 14.504843546894383)",IRD_1583
"(-16.520685053805973, 14.501976346881534)",IRD_1584
"(-16.520684435459692, 14.502534332964832)",IRD_1585
"(-16.516934826581235, 14.501141741915315)",IRD_1586
"(-16.516823075471848, 14.50042896763347)",IRD_1587
"(-16.51766695873163, 14.501097873268433)",IRD_1588
"(-16.51756234937515, 14.501657034124802)",IRD_1589
"(-16.517854603688278, 14.500084193467524)",IRD_1590
"(-16.50867407048588, 14.502099760548509)",IRD_1591
"(-16.513524125450708, 14.50456839893673)",IRD_1592
"(-16.515118347762215, 14.504420922636578)",IRD_1593
"(-16.50777510148714, 14.498652688150392)",IRD_1594
"(-16.507742285191192, 14.49926761916914)",IRD_1595
"(-16.511355465862547, 14.49693427670671)",IRD_1596
"(-16.526017912298816, 14.533356006924341)",IRD_1597
"(-16.527665312300556, 14.53149166756713)",IRD_1598
"(-16.530373210204253, 14.532878219589838)",IRD_1599
"(-16.528422490162786, 14.533523803412551)",IRD_1600
"(-16.516736738417038, 14.488470061083607)",IRD_1601
"(-16.514585861828905, 14.489393240676883)",IRD_1602
"(-16.54289148347061, 14.467364721986726)",IRD_1603
"(-16.52803545045987, 14.484847044808527)",IRD_1604
"(-16.528682696576073, 14.485061613986964)",IRD_1605
"(-16.533009258241233, 14.49440312129288)",IRD_1606
"(-16.530686643525293, 14.494320523687696)",IRD_1607
"(-16.530830285213142, 14.494702510153513)",IRD_1608
"(-16.531647570406964, 14.491968402335164)",IRD_1609
"(-16.53130707362445, 14.494027168850995)",IRD_1610
"(-16.535701837988967, 14.472600188430045)",IRD_1611
"(-16.536075370414647, 14.472938022834871)",IRD_1612
"(-16.534431913539247, 14.470807654161774)",IRD_1613
"(-16.536558873952465, 14.473064598316308)",IRD_1614
"(-16.536386390120544, 14.472326437622604)",IRD_1615
"(-16.53460826381388, 14.473648651750478)",IRD_1616
"(-16.53415419906822, 14.471371935345374)",IRD_1617
"(-16.53480329602517, 14.473158269542107)",IRD_1618
"(-16.535194141911088, 14.472829321432336)",IRD_1619
"(-16.53552351772642, 14.470284383925277)",IRD_1620
"(-16.534882420753654, 14.469621096559152)",IRD_1621
"(-16.5350660379815, 14.46876302380095)",IRD_1622
"(-16.534252523274088, 14.469853146444665)",IRD_1623
"(-16.492918238187297, 14.514150183782682)",IRD_1624
"(-16.4912562140102, 14.51398467413726)",IRD_1625
"(-16.49192109360209, 14.513918264844897)",IRD_1626
"(-16.498230412281014, 14.515881928404688)",IRD_1627
"(-16.498347490348667, 14.516293302360902)",IRD_1628
"(-16.498375530401717, 14.516589864764669)",IRD_1629
"(-16.498765525149356, 14.516346109919787)",IRD_1630
"(-16.50702953893951, 14.497257678334124)",IRD_1631
"(-16.506664215055537, 14.496696563450477)",IRD_1632
"(-16.503546274811672, 14.501002979531409)",IRD_1633
"(-16.504621274678545, 14.499040185775499)",IRD_1634
"(-16.505694637882662, 14.49938411106967)",IRD_1635
"(-16.504496720359473, 14.501250605448117)",IRD_1636
"(-16.50813577620995, 14.501612932341455)",IRD_1637
"(-16.507532074151236, 14.500563658692458)",IRD_1638
"(-16.508279312713654, 14.499180392624629)",IRD_1639
"(-16.50472558364112, 14.500466098709119)",IRD_1640
"(-16.505070336732082, 14.500219036967678)",IRD_1641
"(-16.50176072944331, 14.502639299817984)",IRD_1642
"(-16.514210480890295, 14.497469694102286)",IRD_1643
"(-16.513753217612226, 14.500493223421772)",IRD_1644
"(-16.514597181940946, 14.49692418338537)",IRD_1645
"(-16.51430572294838, 14.500546585635295)",IRD_1646
"(-16.514309758354592, 14.497798598162202)",IRD_1647
"(-16.514572546708067, 14.49973837112555)",IRD_1648
"(-16.515969359743828, 14.499872480126974)",IRD_1649
"(-16.515788741963704, 14.500370932726131)",IRD_1650
"(-16.52319786623514, 14.498889995659635)",IRD_1651
"(-16.523016996246167, 14.498372319112324)",IRD_1652
"(-16.52380709251046, 14.497726922885581)",IRD_1653
"(-16.524314338277904, 14.49349345534985)",IRD_1654
"(-16.524285938494327, 14.49286692486567)",IRD_1655
"(-16.525046317481724, 14.493364984499806)",IRD_1656
"(-16.525011537019697, 14.494096953446931)",IRD_1657
"(-16.52517854622609, 14.494426278364779)",IRD_1658
"(-16.526049983145587, 14.493613099299797)",IRD_1659
"(-16.523917025235235, 14.50032348642873)",IRD_1660
"(-16.52405642973101, 14.498608960423653)",IRD_1661
"(-16.52541972465313, 14.499016379923567)",IRD_1662
"(-16.526875868161707, 14.498916499808434)",IRD_1663
"(-16.533125189203933, 14.496306924872796)",IRD_1664
"(-16.532937730687422, 14.495764255686328)",IRD_1665
"(-16.523543076587888, 14.499655275374598)",IRD_1666
"(-16.5240836243972, 14.499566385548095)",IRD_1667
"(-16.524280174469194, 14.499981946705525)",IRD_1668
"(-16.523324475302122, 14.500060254355608)",IRD_1669
"(-16.52764574201709, 14.498312616565531)",IRD_1670
"(-16.52731400342884, 14.49868144866424)",IRD_1671
"(-16.526441249302763, 14.501372189899016)",IRD_1672
"(-16.52711227720074, 14.501015058361382)",IRD_1673
"(-16.527075751832196, 14.501516047387256)",IRD_1674
"(-16.53087816121285, 14.501163634569542)",IRD_1675
"(-16.525930858864726, 14.501719134876069)",IRD_1676
"(-16.52607150166024, 14.50225332408804)",IRD_1677
"(-16.531522884134674, 14.498143120099076)",IRD_1678
"(-16.51694981682704, 14.494937384414056)",IRD_1679
"(-16.516481087893197, 14.495013371314078)",IRD_1680
"(-16.517332365798893, 14.49474356857364)",IRD_1681
"(-16.506967207836237, 14.497620265759162)",IRD_1682
"(-16.50546363577366, 14.50211394513113)",IRD_1683
"(-16.504019108672892, 14.50282047783405)",IRD_1684
"(-16.504565694744535, 14.500983405179905)",IRD_1685
"(-16.504361842321963, 14.50211727952782)",IRD_1686
"(-16.502584569841442, 14.503974259001243)",IRD_1687
"(-16.502008671800862, 14.503347639866103)",IRD_1688
"(-16.50193245198938, 14.502524476923234)",IRD_1689
"(-16.505391620575402, 14.501551568060576)",IRD_1690
"(-16.505387120046034, 14.498613334021316)",IRD_1691
"(-16.50584736570634, 14.49825495343147)",IRD_1692
"(-16.505653964814123, 14.498883239154942)",IRD_1693
"(-16.5066040330873, 14.497582826526873)",IRD_1694
"(-16.5070823506902, 14.497790622789319)",IRD_1695
"(-16.510534620166283, 14.496601981952834)",IRD_1696
"(-16.50801193991207, 14.501911179775883)",IRD_1697
"(-16.51560288698007, 14.497973380925288)",IRD_1698
"(-16.51590458440747, 14.498084907867533)",IRD_1699
"(-16.516130417797537, 14.497680032930583)",IRD_1700
"(-16.515707108901342, 14.498528332795862)",IRD_1701
"(-16.514591859968363, 14.500018037015439)",IRD_1702
"(-16.51501290998354, 14.497833831201312)",IRD_1703
"(-16.515754387862906, 14.501122986344265)",IRD_1704
"(-16.51520567188486, 14.498678458419962)",IRD_1705
"(-16.51577580761716, 14.499324444889885)",IRD_1706
"(-16.516268456560994, 14.500340067971942)",IRD_1707
"(-16.513921377716137, 14.501070572184808)",IRD_1708
"(-16.518916319058995, 14.497972853329852)",IRD_1709
"(-16.527990180457635, 14.494051792362722)",IRD_1710
"(-16.52746769157058, 14.493461189466013)",IRD_1711
"(-16.5287947092671, 14.486791183859264)",IRD_1712
"(-16.5297803871463, 14.486217107700387)",IRD_1713
"(-16.529253139244904, 14.486548558681529)",IRD_1714
"(-16.529934608371676, 14.486564921623446)",IRD_1715
"(-16.529326183949834, 14.487100281715383)",IRD_1716
"(-16.528815515070022, 14.48632193960716)",IRD_1717
"(-16.52953828622599, 14.485927960949809)",IRD_1718
"(-16.533246263096203, 14.493715584047385)",IRD_1719
"(-16.538850171349875, 14.491913794808255)",IRD_1720
"(-16.539340742329703, 14.49151502693287)",IRD_1721
"(-16.539116040312795, 14.491772561925314)",IRD_1722
"(-16.538562562857347, 14.492019847545903)",IRD_1723
"(-16.538088145263043, 14.49213606343624)",IRD_1724
"(-16.537405454088177, 14.49185616875292)",IRD_1725
"(-16.537793997153376, 14.491490604298708)",IRD_1726
"(-16.538752682805562, 14.491302566183974)",IRD_1727
"(-16.511888611595065, 14.495579409058829)",IRD_1728
"(-16.511193185556248, 14.496052099224013)",IRD_1729
"(-16.511398063258444, 14.497541224842006)",IRD_1730
"(-16.512461361668954, 14.49547014880126)",IRD_1731
"(-16.511921598455945, 14.496257658929718)",IRD_1732
"(-16.512282686562262, 14.495933383699454)",IRD_1733
"(-16.53743717997724, 14.503859842647811)",IRD_1734
"(-16.538050103081176, 14.504067979210449)",IRD_1735
"(-16.537771813205218, 14.503554012344953)",IRD_1736
"(-16.537516202005754, 14.504727209598729)",IRD_1737
"(-16.5369099609772, 14.504651515823676)",IRD_1738
"(-16.531454965192417, 14.50144207481135)",IRD_1739
"(-16.531342910113764, 14.5025339057775)",IRD_1740
"(-16.531537288081676, 14.50211762088975)",IRD_1741
"(-16.529736957582177, 14.505140090291821)",IRD_1742
"(-16.529526980279304, 14.505658535590438)",IRD_1743
"(-16.536565848578306, 14.494154118514416)",IRD_1744
"(-16.52370305551946, 14.500170239303559)",IRD_1745
"(-16.520923521883084, 14.499848694985193)",IRD_1746
"(-16.51923764225993, 14.496937181797628)",IRD_1747
"(-16.518763399503808, 14.496872516423618)",IRD_1748
"(-16.51881270806711, 14.496546886650396)",IRD_1749
"(-16.516333087492068, 14.497989063038025)",IRD_1750
"(-16.530521983337707, 14.49519219216644)",IRD_1751
"(-16.53109493928912, 14.495135305754712)",IRD_1752
"(-16.53085452296002, 14.495566267060955)",IRD_1753
"(-16.52572978796013, 14.49323820872225)",IRD_1754
"(-16.524697904191473, 14.499020824953893)",IRD_1755
"(-16.530448909005575, 14.496977255290682)",IRD_1756
"(-16.518883570253738, 14.489777566690027)",IRD_1757
"(-16.51935872008958, 14.490120272654583)",IRD_1758
"(-16.512964360892372, 14.497951850328967)",IRD_1759
"(-16.513346282933206, 14.49812317811735)",IRD_1760
"(-16.513886968914548, 14.4980222532382)",IRD_1761
"(-16.51396591897394, 14.49630380817935)",IRD_1762
"(-16.51023279943141, 14.49412104362771)",IRD_1763
"(-16.51373304468257, 14.506013687466668)",IRD_1764
"(-16.531890988081603, 14.507669258031584)",IRD_1765
"(-16.512041049948685, 14.504354134619437)",IRD_1766
"(-16.50160954090932, 14.487002179169632)",IRD_1767
"(-16.51347910268313, 14.494588227348851)",IRD_1768
"(-16.513570446648142, 14.495059363007151)",IRD_1769
"(-16.513438967808966, 14.48692165979874)",IRD_1770
"(-16.51287691150623, 14.486991382825632)",IRD_1771
"(-16.50639973273049, 14.49246572882984)",IRD_1772
"(-16.505897008355564, 14.492270236354322)",IRD_1773
"(-16.50738511855605, 14.492011968256922)",IRD_1774
"(-16.52848116596157, 14.484458463375908)",IRD_1775
"(-16.525080220720838, 14.495953570596173)",IRD_1776
"(-16.50826685364967, 14.495751941518272)",IRD_1777
"(-16.509254391013044, 14.496418706510429)",IRD_1778
"(-16.50997839803401, 14.486984557268087)",IRD_1779
"(-16.508486341423794, 14.499517178240552)",IRD_1780
"(-16.520147991477764, 14.49985456391371)",IRD_1781
"(-16.51760878839782, 14.497211123438088)",IRD_1782
"(-16.5177890871774, 14.496780226775684)",IRD_1783
"(-16.522729405557104, 14.493976921797247)",IRD_1784
"(-16.52284416359049, 14.49238490846754)",IRD_1785
"(-16.521664843003673, 14.493280938704995)",IRD_1786
"(-16.503753424666467, 14.500109540102834)",IRD_1787
"(-16.50600599597068, 14.506059596983905)",IRD_1788
"(-16.479382743688056, 14.50028378305725)",IRD_1789
"(-16.50430306824717, 14.520647452053018)",IRD_1790
"(-16.521293957341904, 14.505559382612727)",IRD_1791
"(-16.532113915810637, 14.496032155254026)",IRD_1792
"(-16.507073734334604, 14.49250577014589)",IRD_1793
"(-16.506307973856806, 14.490141497732639)",IRD_1794
"(-16.50569728556233, 14.490201361091504)",IRD_1795
"(-16.50613905573297, 14.489478457346394)",IRD_1796
"(-16.519511163413807, 14.489046334462829)",IRD_1797
"(-16.52005474132454, 14.489747054436316)",IRD_1798
"(-16.519035333984363, 14.490809959571386)",IRD_1799
"(-16.505822431326113, 14.497868606991085)",IRD_1800
